,time,concentration,theta,etheta
0,1.2e-06,0.0,0.38110636674520604,0.01510001672390172
1,2.64e-06,0.0,0.40936742261730513,0.03446147119145193
2,4.36799e-06,0.0,0.4371555314558768,0.06579527424414537
3,6.44159e-06,0.0,0.465265526633685,0.11878663180672322
4,8.9299e-06,0.0,0.49412376637199945,0.19565638722905676
5,1.19159e-05,0.0,0.5219768171912943,0.2923608699380779
6,1.5499e-05,0.0,0.550571053660147,0.40283475762709336
7,1.97988e-05,0.0,0.5780019816047411,0.5271015450683838
8,2.49586e-05,0.0,0.6057971493542609,0.6738704506619011
9,3.11503e-05,0.0,0.6334384328451106,0.8159514149737044
10,3.85804e-05,0.0,0.6624420861489573,0.9927862869706962
11,4.74965e-05,0.0,0.6908118492496582,1.1287035446168787
12,5.81957e-05,0.0,0.7185533692759719,1.1873670541562584
13,7.10348e-05,0.0,0.7461127693998229,1.3085853948940758
14,8.64419e-05,0.0,0.7744627675498689,1.390934571739343
15,0.00010493,0.0,0.8020532268818916,1.4381884324897123
16,0.000127116,0.0,0.8305585210727975,1.4809489180413202
17,0.000153739,0.0,0.860358419531598,1.5016096334160156
18,0.000185687,0.0,0.8881535872811177,1.514928232452866
19,0.000224022,0.0,0.9157948707719673,1.4893482991318148
20,0.000270025,0.0,0.9447985240758141,1.4777624395506956
21,0.000325225,0.0,0.973168287176515,1.4099800215197125
22,0.000391469,-1.17459e-311,1.0009098072028288,1.2923226072057499
23,0.000470961,4.53402e-304,1.0284692073266797,1.2792536401243861
24,0.000566346,3.90336e-296,1.0568192054767256,1.1718898729160818
25,0.000680816,1.21608e-288,1.0844096648087485,1.1204142952714522
26,0.00081818,1.32681e-281,1.1129149589996543,1.0424557039962161
27,0.000983035,-3.58086e-274,1.1427148574584547,0.9261786075537682
28,0.00118082,-3.77004e-266,1.1705100252079745,0.8596737177655702
29,0.00141813,-9.22477e-259,1.1981513086988242,0.7836974979015523
30,0.00170287,-1.17104e-251,1.2249836409950134,0.7363702159878049
31,0.00204464,5.07542e-244,1.2533703454819898,0.6711333096911527
32,0.00245482,5.44518e-237,1.2811979842218713,0.5765360143710928
33,0.00294695,8.90919e-228,1.3108256452535365,0.5753355783498552
34,0.00353727,5.03491e-220,1.3371567948724055,0.48032932714977744
35,0.00424549,-8.90455e-212,1.3669976350147053,0.4756413858680635
36,0.00509584,-1.47799e-201,1.395253043758046,0.4267333463067781
37,0.00611626,-6.55914e-191,1.4232176253703217,0.377118995153792
38,0.00734178,6.3727e-180,1.4512979731221476,0.34265289842904717
39,0.0088124,-1.93557e-167,1.4802959792972359,0.31251718192036326
40,0.0105793,6.92201e-154,1.5079810280359642,0.27946077153248466
41,0.012698,-1.1247e-138,1.5364566748008879,0.24987865059567427
42,0.015236,-6.5076e-122,1.5641276057177198,0.21657701352211167
43,0.0182848,-3.2432e-106,1.591939714853515,0.19479368855936
44,0.0219342,3.43247e-90,1.6198224130987922,0.17253092339974704
45,0.0263201,6.14982e-75,1.6485239450140572,0.15780337223766416
46,0.0315832,-6.26469e-63,1.6769007670257063,0.13996863744140542
47,0.0379132,2.68154e-49,1.704726993983398,0.11868163954309202
48,0.0454884,-4.85454e-37,1.7343603021438216,0.11316403911520168
49,0.0544004,4.65077e-32,1.760690039980501,0.09440419766037446
50,0.0645276,-5.93476e-29,1.7905351154693698,0.08994900146657024
51,0.0759874,-7.94443e-28,1.8187848770839516,0.07915976150810734
52,0.0892378,-8.59481e-27,1.8467522822606068,0.06917690618702992
53,0.105036,-1.15625e-26,1.874832630012433,0.061977887696609724
54,0.123844,0.0,1.9038306361875212,0.05533158372410249
55,0.137278,0.0,1.9315156849262494,0.04925899272223445
56,0.146346,0.0,1.959991331691173,0.04353845619876606
57,0.154767,0.0,1.987662262608005,0.037725702694094344
58,0.163187,0.0,2.0154743717438004,0.033758683815593424
59,0.17229,0.0,2.0433570699890775,0.029804219956030227
60,0.182531,4.95998e-38,2.0720586019043425,0.02706252687315223
61,0.194289,2.53683e-36,2.1004354239159917,0.023974799847271605
62,0.208185,-5.38098e-29,2.128261650873683,0.020434064243345956
63,0.224397,-2.15595e-25,2.157894959034107,0.019211308188441287
64,0.240609,-7.59691e-21,2.1842246968707864,0.016268000590926066
65,0.254261,8.12169e-19,2.214069772359655,0.015361175802038858
66,0.267195,2.62305e-18,2.242319533974237,0.013544369114239167
67,0.280889,5.71481e-18,2.270286939150892,0.011897091892680312
68,0.29654,7.78121e-18,2.2983672869027183,0.010701428247062288
69,0.315036,0.0,2.327365293077806,0.009536528068899833
70,0.335588,0.0,2.3550503418165345,0.008553638954752554
71,0.345259,0.0,2.383525988581458,0.007577210902982576
72,0.353856,0.0,,
73,0.362453,0.0,,
74,0.371622,0.0,,
75,0.382321,-2.05187e-26,,
76,0.394088,3.5725e-25,,
77,0.409219,5.9623e-20,,
78,0.427375,9.78129e-19,,
79,0.4419,-1.48806e-17,,
80,0.456425,-1.42183e-16,,
81,0.47095,-5.24059e-16,,
82,0.485475,-1.01836e-15,,
83,0.5,-1.27567e-15,,
84,0.517241,0.0,,
85,0.536552,0.0,,
86,0.54601,0.0,,
87,0.554417,0.0,,
88,0.562824,0.0,,
89,0.572126,0.0,,
90,0.582562,3.34003e-24,,
91,0.594839,2.55925e-20,,
92,0.609309,-1.14585e-17,,
93,0.625588,-3.62322e-16,,
94,0.641189,-2.14409e-15,,
95,0.654478,-4.84809e-15,,
96,0.667275,-7.05803e-15,,
97,0.681139,-5.2255e-15,,
98,0.697082,-2.58444e-15,,
99,0.716014,0.0,,
100,0.736299,0.0,,
101,0.745717,0.0,,
102,0.754193,0.0,,
103,0.762669,0.0,,
104,0.771797,0.0,,
105,0.78217,2.91502e-22,,
106,0.794272,1.20249e-20,,
107,0.808966,-4.82601e-17,,
108,0.826333,2.92406e-15,,
109,0.842121,5.90136e-14,,
110,0.855278,3.07514e-13,,
111,0.868434,1.03857e-12,,
112,0.883053,2.3182e-12,,
113,0.899759,3.01471e-12,,
114,0.919808,0.0,,
115,0.935846,0.0,,
116,0.945011,0.0,,
117,0.954176,0.0,,
118,0.963341,0.0,,
119,0.972505,0.0,,
120,0.98167,1.18492e-20,,
121,0.990835,3.39944e-20,,
122,1.0,-1.12005e-16,,
123,1.01111,8.79409e-15,,
124,1.02432,3.2343e-13,,
125,1.03919,3.01927e-12,,
126,1.05274,1.23249e-11,,
127,1.06552,3.33079e-11,,
128,1.0791,6.74911e-11,,
129,1.09413,9.49695e-11,,
130,1.11178,0.0,,
131,1.13221,0.0,,
132,1.14243,0.0,,
133,1.15115,0.0,,
134,1.15945,0.0,,
135,1.16819,0.0,,
136,1.17795,0.0,,
137,1.18905,-3.0318e-19,,
138,1.20257,4.88791e-15,,
139,1.21822,5.65452e-12,,
140,1.23584,8.75498e-11,,
141,1.24974,3.0871e-10,,
142,1.26291,7.8453e-10,,
143,1.27608,1.504e-09,,
144,1.29101,2.17668e-09,,
145,1.30843,1.32445e-09,,
146,1.32971,0.0,,
147,1.34035,0.0,,
148,1.34922,0.0,,
149,1.3576,0.0,,
150,1.36598,0.0,,
151,1.37555,0.0,,
152,1.38686,3.92635e-17,,
153,1.40101,5.01706e-14,,
154,1.4175,1.23755e-10,,
155,1.434,1.26074e-09,,
156,1.4472,3.88379e-09,,
157,1.4604,9.4706e-09,,
158,1.4736,1.78721e-08,,
159,1.4868,2.58736e-08,,
160,1.5,2.92712e-08,,
161,1.51562,0.0,,
162,1.53356,0.0,,
163,1.54349,0.0,,
164,1.5521,0.0,,
165,1.5604,0.0,,
166,1.56919,0.0,,
167,1.57898,0.0,,
168,1.59006,-3.55365e-15,,
169,1.60328,2.88066e-12,,
170,1.61915,1.84314e-09,,
171,1.63646,1.89847e-08,,
172,1.65045,5.51714e-08,,
173,1.66339,1.14158e-07,,
174,1.67686,1.92484e-07,,
175,1.69224,2.56084e-07,,
176,1.71035,5.43773e-08,,
177,1.73263,0.0,,
178,1.74291,0.0,,
179,1.75148,0.0,,
180,1.75977,0.0,,
181,1.76866,0.0,,
182,1.77872,0.0,,
183,1.79037,6.37127e-14,,
184,1.80434,1.37962e-10,,
185,1.82065,2.18779e-08,,
186,1.83858,1.84712e-07,,
187,1.85203,4.46799e-07,,
188,1.86436,8.13671e-07,,
189,1.87793,1.28345e-06,,
190,1.89319,1.63017e-06,,
191,1.91099,1.6441e-07,,
192,1.93324,0.0,,
193,1.94278,0.0,,
194,1.95095,0.0,,
195,1.95913,0.0,,
196,1.9673,0.0,,
197,1.97548,0.0,,
198,1.98365,3.67845e-13,,
199,1.99183,7.01538e-13,,
200,2.0,1.67282e-12,,
201,2.0098,1.91811e-09,,
202,2.02148,6.60665e-08,,
203,2.03477,4.47876e-07,,
204,2.04887,1.45299e-06,,
205,2.06176,2.89387e-06,,
206,2.07504,4.64052e-06,,
207,2.08969,6.09997e-06,,
208,2.10679,4.83224e-06,,
209,2.12748,0.0,,
210,2.13912,0.0,,
211,2.14814,0.0,,
212,2.15652,0.0,,
213,2.16511,0.0,,
214,2.17468,0.0,,
215,2.18552,2.0216e-12,,
216,2.1981,-1.44218e-12,,
217,2.2132,1.08636e-07,,
218,2.23007,1.6328e-06,,
219,2.24506,5.29672e-06,,
220,2.25781,1.01961e-05,,
221,2.27056,1.61499e-05,,
222,2.2849,2.19844e-05,,
223,2.30144,2.29731e-05,,
224,2.3213,0.0,,
225,2.33619,0.0,,
226,2.34583,0.0,,
227,2.35439,0.0,,
228,2.36296,0.0,,
229,2.37209,0.0,,
230,2.38275,1.19092e-11,,
231,2.39578,4.37086e-11,,
232,2.41067,2.06941e-07,,
233,2.42853,5.34555e-06,,
234,2.44283,1.61253e-05,,
235,2.45712,3.36508e-05,,
236,2.47141,5.42026e-05,,
237,2.48571,7.10125e-05,,
238,2.5,7.72233e-05,,
239,2.51724,0.0,,
240,2.53655,0.0,,
241,2.54601,0.0,,
242,2.55442,0.0,,
243,2.56282,0.0,,
244,2.57213,0.0,,
245,2.58256,4.77288e-11,,
246,2.59484,1.0548e-10,,
247,2.60985,5.97264e-07,,
248,2.62681,1.35467e-05,,
249,2.64236,4.75436e-05,,
250,2.6556,9.1444e-05,,
251,2.66836,0.000139824,,
252,2.68278,0.000186561,,
253,2.69947,0.000205663,,
254,2.71951,0.0,,
255,2.73601,0.0,,
256,2.74544,0.0,,
257,2.75392,0.0,,
258,2.76241,0.0,,
259,2.77155,0.0,,
260,2.78193,1.43227e-10,,
261,2.79405,3.71902e-10,,
262,2.80876,9.35001e-07,,
263,2.82614,3.16512e-05,,
264,2.84195,0.000113948,,
265,2.85512,0.000215484,,
266,2.86829,0.000328053,,
267,2.88292,0.000430427,,
268,2.89965,0.000469367,,
269,2.91972,0.0,,
270,2.93578,0.0,,
271,2.94495,0.0,,
272,2.95281,0.0,,
273,2.96068,0.0,,
274,2.97051,0.0,,
275,2.98034,0.0,,
276,2.99017,4.36324e-10,,
277,3.0,1.70386e-09,,
278,3.0119,2.39064e-06,,
279,3.02585,4.61464e-05,,
280,3.04115,0.000201656,,
281,3.05426,0.00040146,,
282,3.06699,0.000613278,,
283,3.08096,0.000805475,,
284,3.09648,0.000896135,,
285,3.11482,0.0,,
286,3.13509,0.0,,
287,3.1447,0.0,,
288,3.15316,0.0,,
289,3.16162,0.0,,
290,3.17076,0.0,,
291,3.18105,0.0,,
292,3.19286,1.82532e-09,,
293,3.20682,1.80413e-06,,
294,3.22311,8.74512e-05,,
295,3.2394,0.000383745,,
296,3.25311,0.000756585,,
297,3.26611,0.00113401,,
298,3.27987,0.00146156,,
299,3.29559,0.00161788,,
300,3.31417,0.0,,
301,3.33482,0.0,,
302,3.34454,0.0,,
303,3.35317,0.0,,
304,3.36181,0.0,,
305,3.37102,0.0,,
306,3.38094,0.0,,
307,3.39285,4.21708e-09,,
308,3.40816,7.61523e-06,,
309,3.42653,0.000260766,,
310,3.44122,0.000760286,,
311,3.45592,0.00144398,,
312,3.47061,0.0020994,,
313,3.48531,0.00255332,,
314,3.5,0.00266485,,
315,3.51786,0.0,,
316,3.5364,0.0,,
317,3.54586,0.0,,
318,3.55427,0.0,,
319,3.56268,0.0,,
320,3.57199,0.0,,
321,3.58243,4.91233e-09,,
322,3.59436,1.21714e-08,,
323,3.60884,1.2478e-05,,
324,3.62585,0.000353777,,
325,3.64144,0.00118952,,
326,3.65472,0.00213749,,
327,3.66751,0.00302897,,
328,3.68136,0.00374593,,
329,3.69729,0.00398197,,
330,3.71621,0.0,,
331,3.73648,0.0,,
332,3.7459,0.0,,
333,3.75437,0.0,,
334,3.76284,0.0,,
335,3.77196,0.0,,
336,3.78232,1.00535e-08,,
337,3.79442,2.74539e-08,,
338,3.8091,2.13865e-05,,
339,3.82646,0.000559796,,
340,3.84223,0.00179936,,
341,3.85538,0.00312181,,
342,3.86853,0.00436496,,
343,3.88313,0.00531963,,
344,3.89983,0.00548663,,
345,3.91986,0.0,,
346,3.93589,0.0,,
347,3.94505,0.0,,
348,3.95421,0.0,,
349,3.96337,0.0,,
350,3.97252,0.0,,
351,3.98168,1.75294e-08,,
352,3.99084,1.77972e-08,,
353,4.0,5.48393e-08,,
354,4.01111,1.7656e-05,,
355,4.02432,0.000373481,,
356,4.03919,0.00171329,,
357,4.05274,0.00349183,,
358,4.06552,0.00516119,,
359,4.0791,0.0064974,,
360,4.09413,0.00717915,,
361,4.11178,4.58557e-05,,
362,4.13221,0.0,,
363,4.14243,0.0,,
364,4.15115,0.0,,
365,4.15945,0.0,,
366,4.16819,0.0,,
367,4.17795,0.0,,
368,4.18905,3.24563e-08,,
369,4.20257,1.61285e-06,,
370,4.21822,0.000315544,,
371,4.23584,0.00213573,,
372,4.24974,0.00435587,,
373,4.26291,0.00650517,,
374,4.27608,0.00819363,,
375,4.29101,0.00917815,,
376,4.30843,0.00516463,,
377,4.32971,0.0,,
378,4.34035,0.0,,
379,4.34922,0.0,,
380,4.3576,0.0,,
381,4.36598,0.0,,
382,4.37555,0.0,,
383,4.38686,3.86736e-08,,
384,4.40101,1.17099e-06,,
385,4.4175,0.0004074,,
386,4.434,0.00240302,,
387,4.4472,0.0049589,,
388,4.4604,0.00765951,,
389,4.4736,0.00982537,,
390,4.4868,0.0111133,,
391,4.5,0.0110127,,
392,4.51562,0.0,,
393,4.53356,0.0,,
394,4.54349,0.0,,
395,4.5521,0.0,,
396,4.5604,0.0,,
397,4.56919,0.0,,
398,4.57898,0.0,,
399,4.59006,6.7528e-08,,
400,4.60328,4.06004e-06,,
401,4.61915,0.000590762,,
402,4.63646,0.00347205,,
403,4.65045,0.00687421,,
404,4.66339,0.00993902,,
405,4.67686,0.0122989,,
406,4.69224,0.0135218,,
407,4.71035,0.00356495,,
408,4.73263,0.0,,
409,4.74291,0.0,,
410,4.75148,0.0,,
411,4.75977,0.0,,
412,4.76866,0.0,,
413,4.77872,0.0,,
414,4.79037,1.32624e-07,,
415,4.80434,1.38873e-05,,
416,4.82065,0.000929237,,
417,4.83858,0.004678,,
418,4.85203,0.0084159,,
419,4.86436,0.0116329,,
420,4.87793,0.0141678,,
421,4.89319,0.015373,,
422,4.91099,0.00202734,,
423,4.93324,0.0,,
424,4.94278,0.0,,
425,4.95095,0.0,,
426,4.95913,0.0,,
427,4.9673,0.0,,
428,4.97548,0.0,,
429,4.98365,1.21959e-07,,
430,4.99183,1.47742e-07,,
431,5.0,8.13695e-07,,
432,5.0098,2.81641e-05,,
433,5.02148,0.000591325,,
434,5.03477,0.00306823,,
435,5.04887,0.00737914,,
436,5.06176,0.0113714,,
437,5.07504,0.014493,,
438,5.08969,0.016172,,
439,5.10679,0.0108565,,
440,5.12748,0.0,,
441,5.13912,0.0,,
442,5.14814,0.0,,
443,5.15652,0.0,,
444,5.16511,0.0,,
445,5.17468,0.0,,
446,5.18552,1.13272e-07,,
447,5.1981,1.2162e-06,,
448,5.2132,0.000283295,,
449,5.23007,0.00303725,,
450,5.24506,0.00769528,,
451,5.25781,0.0119929,,
452,5.27056,0.0154888,,
453,5.2849,0.017823,,
454,5.30144,0.0155826,,
455,5.3213,0.0,,
456,5.33619,0.0,,
457,5.34583,0.0,,
458,5.35439,0.0,,
459,5.36296,0.0,,
460,5.37209,0.0,,
461,5.38275,1.2538e-07,,
462,5.39578,1.0381e-06,,
463,5.41067,0.00017302,,
464,5.42853,0.00302898,,
465,5.44283,0.00762834,,
466,5.45712,0.0127848,,
467,5.47141,0.0168174,,
468,5.48571,0.0189446,,
469,5.5,0.0184467,,
470,5.51724,0.0,,
471,5.53655,0.0,,
472,5.54601,0.0,,
473,5.55442,0.0,,
474,5.56282,0.0,,
475,5.57213,0.0,,
476,5.58256,1.4616e-07,,
477,5.59484,9.48694e-07,,
478,5.60931,0.000135603,,
479,5.62559,0.00237008,,
480,5.64119,0.00748405,,
481,5.65448,0.012596,,
482,5.66728,0.0167416,,
483,5.68114,0.0195882,,
484,5.69708,0.0191821,,
485,5.71601,0.0,,
486,5.7363,0.0,,
487,5.74572,0.0,,
488,5.75419,0.0,,
489,5.76267,0.0,,
490,5.7718,0.0,,
491,5.78217,2.55348e-07,,
492,5.79427,1.10035e-06,,
493,5.80897,0.000135904,,
494,5.82633,0.00275494,,
495,5.84212,0.00812512,,
496,5.85528,0.0132258,,
497,5.86843,0.0174036,,
498,5.88305,0.0201706,,
499,5.89976,0.0193828,,
500,5.91981,0.0,,
501,5.93585,0.0,,
502,5.94501,0.0,,
503,5.95418,0.0,,
504,5.96334,0.0,,
505,5.97251,0.0,,
506,5.98167,1.79223e-07,,
507,5.99084,1.76751e-07,,
508,6.0,2.40791e-06,,
509,6.01111,9.2713e-05,,
510,6.02432,0.00146601,,
511,6.03919,0.00605593,,
512,6.05274,0.0115321,,
513,6.06552,0.0161076,,
514,6.0791,0.0193293,,
515,6.09413,0.020452,,
516,6.11178,0.000201252,,
517,6.13221,0.0,,
518,6.14243,0.0,,
519,6.15115,0.0,,
520,6.15945,0.0,,
521,6.16819,0.0,,
522,6.17795,0.0,,
523,6.18905,2.2873e-07,,
524,6.20257,1.33145e-05,,
525,6.21822,0.000991627,,
526,6.23584,0.0058973,,
527,6.24974,0.0113274,,
528,6.26291,0.0160373,,
529,6.27608,0.0193195,,
530,6.29101,0.0206334,,
531,6.30843,0.0123481,,
532,6.32971,0.0,,
533,6.34035,0.0,,
534,6.34922,0.0,,
535,6.3576,0.0,,
536,6.36598,0.0,,
537,6.37555,0.0,,
538,6.38686,1.9847e-07,,
539,6.40101,9.44305e-06,,
540,6.4175,0.000999957,,
541,6.434,0.00532503,,
542,6.4472,0.010439,,
543,6.4604,0.0153259,,
544,6.4736,0.0188337,,
545,6.4868,0.020285,,
546,6.5,0.0194061,,
547,6.51562,0.0,,
548,6.53356,0.0,,
549,6.54349,0.0,,
550,6.5521,0.0,,
551,6.5604,0.0,,
552,6.56919,0.0,,
553,6.57898,0.0,,
554,6.59006,1.59906e-07,,
555,6.60328,1.72361e-05,,
556,6.61915,0.00116773,,
557,6.63646,0.00616357,,
558,6.65045,0.0116007,,
559,6.66339,0.0160631,,
560,6.67686,0.0191466,,
561,6.69224,0.0201272,,
562,6.71035,0.00654416,,
563,6.73263,0.0,,
564,6.74291,0.0,,
565,6.75148,0.0,,
566,6.75977,0.0,,
567,6.76866,0.0,,
568,6.77872,0.0,,
569,6.79037,3.663e-07,,
570,6.80434,3.66508e-05,,
571,6.82065,0.0014896,,
572,6.83858,0.00681295,,
573,6.85203,0.0117655,,
574,6.86436,0.0156862,,
575,6.87793,0.018478,,
576,6.89319,0.019204,,
577,6.91099,0.00339084,,
578,6.93324,0.0,,
579,6.94278,0.0,,
580,6.95095,0.0,,
581,6.95913,0.0,,
582,6.9673,0.0,,
583,6.97548,0.0,,
584,6.98365,2.6218e-07,,
585,6.99183,3.61116e-07,,
586,7.0,3.50998e-06,,
587,7.0098,5.79371e-05,,
588,7.02148,0.000843149,,
589,7.03477,0.00396209,,
590,7.04887,0.00901107,,
591,7.06176,0.0133887,,
592,7.07504,0.0165244,,
593,7.08969,0.0176015,,
594,7.10679,0.0116616,,
595,7.12748,0.0,,
596,7.13912,0.0,,
597,7.14814,0.0,,
598,7.15652,0.0,,
599,7.16511,0.0,,
600,7.17468,0.0,,
601,7.18552,2.35421e-07,,
602,7.1981,4.72171e-06,,
603,7.2132,0.00036432,,
604,7.23007,0.00338575,,
605,7.24506,0.0081773,,
606,7.25781,0.0123571,,
607,7.27056,0.0155161,,
608,7.2849,0.0174235,,
609,7.30144,0.0142484,,
610,7.3213,0.0,,
611,7.33619,0.0,,
612,7.34583,0.0,,
613,7.35439,0.0,,
614,7.36296,0.0,,
615,7.37209,0.0,,
616,7.38275,2.46378e-07,,
617,7.39578,3.09344e-06,,
618,7.41067,0.000208855,,
619,7.42853,0.00297457,,
620,7.44283,0.007176,,
621,7.45712,0.0116217,,
622,7.47141,0.0148551,,
623,7.48571,0.0159612,,
624,7.5,0.0149586,,
625,7.51724,0.0,,
626,7.53655,0.0,,
627,7.54601,0.0,,
628,7.55442,0.0,,
629,7.56282,0.0,,
630,7.57213,0.0,,
631,7.58256,2.43807e-07,,
632,7.59484,2.27418e-06,,
633,7.60931,0.000153604,,
634,7.62559,0.0021167,,
635,7.64119,0.00630473,,
636,7.65448,0.0102896,,
637,7.66728,0.0133386,,
638,7.68114,0.0152601,,
639,7.69708,0.0138725,,
640,7.71601,0.0,,
641,7.7363,0.0,,
642,7.74572,0.0,,
643,7.75419,0.0,,
644,7.76267,0.0,,
645,7.7718,0.0,,
646,7.78217,3.16318e-07,,
647,7.79427,1.94566e-06,,
648,7.80897,0.000141053,,
649,7.82633,0.00220404,,
650,7.84212,0.00615629,,
651,7.85528,0.00974178,,
652,7.86843,0.0125163,,
653,7.88305,0.0141983,,
654,7.89976,0.0126178,,
655,7.91981,0.0,,
656,7.93585,0.0,,
657,7.94501,0.0,,
658,7.95418,0.0,,
659,7.96334,0.0,,
660,7.97251,0.0,,
661,7.98167,2.92461e-07,,
662,7.99084,3.01251e-07,,
663,8.0,5.37389e-06,,
664,8.01111,9.92331e-05,,
665,8.02432,0.00112565,,
666,8.03919,0.00427372,,
667,8.05274,0.00785295,,
668,8.06552,0.0107061,,
669,8.0791,0.0125816,,
670,8.09413,0.0126146,,
671,8.11178,0.000146946,,
672,8.13221,0.0,,
673,8.14243,0.0,,
674,8.15115,0.0,,
675,8.15945,0.0,,
676,8.16819,0.0,,
677,8.17795,0.0,,
678,8.18905,3.5527e-07,,
679,8.20257,2.1507e-05,,
680,8.21822,0.000716345,,
681,8.23584,0.00383133,,
682,8.24974,0.0071217,,
683,8.26291,0.0098545,,
684,8.27608,0.0116448,,
685,8.29101,0.0117088,,
686,8.30843,0.00678352,,
687,8.32971,0.0,,
688,8.34035,0.0,,
689,8.34922,0.0,,
690,8.3576,0.0,,
691,8.36598,0.0,,
692,8.37555,0.0,,
693,8.38686,2.90553e-07,,
694,8.40101,1.64515e-05,,
695,8.4175,0.000669589,,
696,8.434,0.00322704,,
697,8.4472,0.00612007,,
698,8.4604,0.00878103,,
699,8.4736,0.0105903,,
700,8.4868,0.010674,,
701,8.5,0.00977799,,
702,8.51562,0.0,,
703,8.53356,0.0,,
704,8.54349,0.0,,
705,8.5521,0.0,,
706,8.5604,0.0,,
707,8.56919,0.0,,
708,8.57898,0.0,,
709,8.59006,2.24739e-07,,
710,8.60328,2.38865e-05,,
711,8.61915,0.000726299,,
712,8.63646,0.00346247,,
713,8.65045,0.00631195,,
714,8.66339,0.00856377,,
715,8.67686,0.0100294,,
716,8.69224,0.00981833,,
717,8.71035,0.0032862,,
718,8.73263,0.0,,
719,8.74291,0.0,,
720,8.75148,0.0,,
721,8.75977,0.0,,
722,8.76866,0.0,,
723,8.77872,0.0,,
724,8.79037,5.12891e-07,,
725,8.80434,4.01916e-05,,
726,8.82065,0.000864655,,
727,8.83858,0.00359519,,
728,8.85203,0.00603066,,
729,8.86436,0.00789287,,
730,8.87793,0.00914087,,
731,8.89319,0.00878361,,
732,8.91099,0.00165418,,
733,8.93324,0.0,,
734,8.94278,0.0,,
735,8.95095,0.0,,
736,8.95913,0.0,,
737,8.9673,0.0,,
738,8.97548,0.0,,
739,8.98365,3.31705e-07,,
740,8.99183,4.53255e-07,,
741,9.0,5.04602e-06,,
742,9.0098,5.76123e-05,,
743,9.02148,0.000508432,,
744,9.03477,0.00207677,,
745,9.04887,0.00448112,,
746,9.06176,0.00648409,,
747,9.07504,0.00785245,,
748,9.08969,0.00765395,,
749,9.10679,0.00483661,,
750,9.12748,0.0,,
751,9.13912,0.0,,
752,9.14814,0.0,,
753,9.15652,0.0,,
754,9.16511,0.0,,
755,9.17468,0.0,,
756,9.18552,2.97185e-07,,
757,9.1981,6.82729e-06,,
758,9.2132,0.000230536,,
759,9.23007,0.00170266,,
760,9.24506,0.00390248,,
761,9.25781,0.00575299,,
762,9.27056,0.0070973,,
763,9.2849,0.0078361,,
764,9.30144,0.00557983,,
765,9.3213,0.0,,
766,9.33619,0.0,,
767,9.34583,0.0,,
768,9.35439,0.0,,
769,9.36296,0.0,,
770,9.37209,0.0,,
771,9.38275,3.05998e-07,,
772,9.39578,4.12909e-06,,
773,9.41067,0.000143111,,
774,9.42853,0.00145554,,
775,9.44283,0.00332284,,
776,9.45712,0.00522188,,
777,9.47141,0.00654211,,
778,9.48571,0.00638041,,
779,9.5,0.00567113,,
780,9.51724,0.0,,
781,9.53655,0.0,,
782,9.54601,0.0,,
783,9.55442,0.0,,
784,9.56282,0.0,,
785,9.57213,0.0,,
786,9.58256,2.83688e-07,,
787,9.59484,2.81917e-06,,
788,9.60985,0.000127123,,
789,9.62681,0.00118388,,
790,9.64236,0.00302187,,
791,9.6556,0.00464441,,
792,9.66836,0.00581068,,
793,9.68278,0.00647826,,
794,9.69947,0.00505251,,
795,9.71951,0.0,,
796,9.73601,0.0,,
797,9.74544,0.0,,
798,9.75392,0.0,,
799,9.76241,0.0,,
800,9.77155,0.0,,
801,9.78193,3.11153e-07,,
802,9.79405,1.90394e-06,,
803,9.80876,8.94435e-05,,
804,9.82614,0.000999775,,
805,9.84195,0.00265095,,
806,9.85512,0.0041115,,
807,9.86829,0.00520446,,
808,9.88292,0.00581213,,
809,9.89965,0.00446284,,
810,9.91972,0.0,,
811,9.93578,0.0,,
812,9.94495,0.0,,
813,9.95281,0.0,,
814,9.96068,0.0,,
815,9.97051,0.0,,
816,9.98034,0.0,,
817,9.99017,2.80528e-07,,
818,10.0,6.51534e-06,,
819,10.0119,9.46207e-05,,
820,10.0259,0.000694118,,
821,10.0411,0.00212234,,
822,10.0543,0.00348525,,
823,10.067,0.00452072,,
824,10.081,0.00513638,,
825,10.0965,0.00393266,,
826,10.1148,0.0,,
827,10.1351,0.0,,
828,10.1447,0.0,,
829,10.1532,0.0,,
830,10.1616,0.0,,
831,10.1708,0.0,,
832,10.181,0.0,,
833,10.1929,1.10995e-06,,
834,10.2068,5.35522e-05,,
835,10.2231,0.000620924,,
836,10.2394,0.00194101,,
837,10.2531,0.00319304,,
838,10.2661,0.0041223,,
839,10.2799,0.00466695,,
840,10.2956,0.00350501,,
841,10.3142,0.0,,
842,10.3348,0.0,,
843,10.3445,0.0,,
844,10.3532,0.0,,
845,10.3618,0.0,,
846,10.371,0.0,,
847,10.3809,0.0,,
848,10.3929,1.14682e-06,,
849,10.4082,7.62839e-05,,
850,10.4265,0.000839126,,
851,10.4412,0.00195832,,
852,10.4559,0.00311057,,
853,10.4706,0.00390412,,
854,10.4853,0.0042565,,
855,10.5,0.00309335,,
856,10.5179,0.0,,
857,10.5364,0.0,,
858,10.5459,0.0,,
859,10.5543,0.0,,
860,10.5627,0.0,,
861,10.572,0.0,,
862,10.5824,2.10108e-07,,
863,10.5944,1.83831e-06,,
864,10.6088,7.24642e-05,,
865,10.6259,0.000681409,,
866,10.6414,0.00175814,,
867,10.6547,0.0027213,,
868,10.6675,0.00341721,,
869,10.6814,0.00380627,,
870,10.6973,0.00274231,,
871,10.7162,0.0,,
872,10.7365,0.0,,
873,10.7459,0.0,,
874,10.7544,0.0,,
875,10.7628,0.0,,
876,10.772,0.0,,
877,10.7823,2.49755e-07,,
878,10.7944,2.01047e-06,,
879,10.8091,7.28331e-05,,
880,10.8265,0.000656591,,
881,10.8422,0.00163603,,
882,10.8554,0.00247313,,
883,10.8685,0.00308303,,
884,10.8831,0.00340336,,
885,10.8998,0.0023909,,
886,10.9199,0.0,,
887,10.9359,0.0,,
888,10.945,0.0,,
889,10.9542,0.0,,
890,10.9634,0.0,,
891,10.9725,0.0,,
892,10.9817,1.82929e-07,,
893,10.9908,2.17945e-07,,
894,11.0,4.7196e-06,,
895,11.0111,5.46008e-05,,
896,11.0243,0.00036126,,
897,11.0392,0.00113999,,
898,11.0527,0.00196208,,
899,11.0655,0.00258125,,
900,11.0791,0.00294979,,
901,11.0941,0.00242039,,
902,11.1118,3.23056e-05,,
903,11.1322,0.0,,
904,11.1424,0.0,,
905,11.1511,0.0,,
906,11.1595,0.0,,
907,11.1682,0.0,,
908,11.1779,0.0,,
909,11.1891,2.05727e-07,,
910,11.2026,1.56223e-05,,
911,11.2182,0.000229914,,
912,11.2358,0.000982336,,
913,11.2497,0.00172041,,
914,11.2629,0.00230198,,
915,11.2761,0.0026531,,
916,11.291,0.00216464,,
917,11.3084,0.00124676,,
918,11.3297,0.0,,
919,11.3404,0.0,,
920,11.3492,0.0,,
921,11.3576,0.0,,
922,11.366,0.0,,
923,11.3755,0.0,,
924,11.3869,1.35357e-07,,
925,11.401,1.14079e-05,,
926,11.4175,0.000206347,,
927,11.434,0.000810156,,
928,11.4472,0.00144402,,
929,11.4604,0.00199875,,
930,11.4736,0.00234988,,
931,11.4868,0.00190731,,
932,11.5,0.00166479,,
933,11.5156,0.0,,
934,11.5336,0.0,,
935,11.5435,0.0,,
936,11.5521,0.0,,
937,11.5604,0.0,,
938,11.5692,0.0,,
939,11.579,0.0,,
940,11.5901,1.32276e-07,,
941,11.6033,1.41022e-05,,
942,11.6192,0.000211192,,
943,11.6365,0.000829441,,
944,11.6504,0.00142984,,
945,11.6634,0.00188035,,
946,11.6769,0.00214929,,
947,11.6922,0.00169231,,
948,11.7103,0.000611071,,
949,11.7326,0.0,,
950,11.7429,0.0,,
951,11.7515,0.0,,
952,11.7598,0.0,,
953,11.7687,0.0,,
954,11.7787,0.0,,
955,11.7904,2.35152e-07,,
956,11.8043,1.98971e-05,,
957,11.8206,0.0002359,,
958,11.8386,0.000828441,,
959,11.852,0.00132548,,
960,11.8644,0.00168619,,
961,11.8779,0.00190638,,
962,11.8932,0.00146681,,
963,11.911,0.000308231,,
964,11.9332,0.0,,
965,11.9428,0.0,,
966,11.951,0.0,,
967,11.9591,0.0,,
968,11.9673,0.0,,
969,11.9755,0.0,,
970,11.9837,1.23171e-07,,
971,11.9918,1.85293e-07,,
972,12.0,2.68998e-06,,
973,12.0098,2.54782e-05,,
974,12.0215,0.000150177,,
975,12.0348,0.000500014,,
976,12.0489,0.000988659,,
977,12.0618,0.00137338,,
978,12.075,0.00161645,,
979,12.0897,0.00124681,,
980,12.1068,0.000774345,,
981,12.1275,0.0,,
982,12.1391,0.0,,
983,12.1481,0.0,,
984,12.1565,0.0,,
985,12.1651,0.0,,
986,12.1747,0.0,,
987,12.1855,1.04239e-07,,
988,12.1981,3.42265e-06,,
989,12.2132,7.16074e-05,,
990,12.2301,0.000397065,,
991,12.2451,0.000837223,,
992,12.2578,0.00118964,,
993,12.2706,0.00143038,,
994,12.2849,0.0015413,,
995,12.3014,0.000849981,,
996,12.3213,0.0,,
997,12.3362,0.0,,
998,12.3458,0.0,,
999,12.3544,0.0,,
1000,12.363,0.0,,
1001,12.3721,0.0,,
1002,12.3828,1.09697e-07,,
1003,12.3958,1.92089e-06,,
1004,12.4107,4.63082e-05,,
1005,12.4285,0.000332274,,
1006,12.4428,0.000699983,,
1007,12.4571,0.00105478,,
1008,12.4714,0.00128579,,
1009,12.4857,0.00100669,,
1010,12.5,0.000840546,,
1011,12.5172,0.0,,
1012,12.5366,0.0,,
1013,12.546,0.0,,
1014,12.5544,0.0,,
1015,12.5628,0.0,,
1016,12.5721,0.0,,
1017,12.5826,1.05122e-07,,
1018,12.5948,1.2319e-06,,
1019,12.6098,3.93563e-05,,
1020,12.6268,0.000266978,,
1021,12.6424,0.000622083,,
1022,12.6556,0.000920675,,
1023,12.6684,0.00112397,,
1024,12.6828,0.00122511,,
1025,12.6995,0.000732263,,
1026,12.7195,0.0,,
1027,12.736,0.0,,
1028,12.7454,0.0,,
1029,12.7539,0.0,,
1030,12.7624,0.0,,
1031,12.7715,0.0,,
1032,12.7819,9.57259e-08,,
1033,12.794,7.46073e-07,,
1034,12.8088,2.79641e-05,,
1035,12.8261,0.000221925,,
1036,12.8419,0.000535764,,
1037,12.8551,0.000800314,,
1038,12.8683,0.000987692,,
1039,12.8829,0.00107816,,
1040,12.8996,0.000633663,,
1041,12.9197,0.0,,
1042,12.9358,0.0,,
1043,12.945,0.0,,
1044,12.9528,0.0,,
1045,12.9607,0.0,,
1046,12.9705,0.0,,
1047,12.9803,0.0,,
1048,12.9902,9.77689e-08,,
1049,13.0,2.41859e-06,,
1050,13.0119,2.83775e-05,,
1051,13.0259,0.000158095,,
1052,13.0411,0.000428259,,
1053,13.0543,0.000672739,,
1054,13.067,0.000848659,,
1055,13.081,0.000942193,,
1056,13.0965,0.000548634,,
1057,13.1148,0.0,,
1058,13.1351,0.0,,
1059,13.1447,0.0,,
1060,13.1532,0.0,,
1061,13.1616,0.0,,
1062,13.1708,0.0,,
1063,13.181,0.0,,
1064,13.1929,3.76365e-07,,
1065,13.2068,1.63083e-05,,
1066,13.2231,0.000136594,,
1067,13.2394,0.000382434,,
1068,13.2531,0.000604416,,
1069,13.2661,0.000760987,,
1070,13.2799,0.000844142,,
1071,13.2956,0.000480963,,
1072,13.3142,0.0,,
1073,13.3348,0.0,,
1074,13.3445,0.0,,
1075,13.3532,0.0,,
1076,13.3618,0.0,,
1077,13.371,0.0,,
1078,13.3809,0.0,,
1079,13.3929,3.63323e-07,,
1080,13.4082,2.09772e-05,,
1081,13.4265,0.000172505,,
1082,13.4412,0.000375717,,
1083,13.4559,0.000575674,,
1084,13.4706,0.000705626,,
1085,13.4853,0.000753619,,
1086,13.5,0.000418595,,
1087,13.5179,0.0,,
1088,13.5364,0.0,,
1089,13.5459,0.0,,
1090,13.5543,0.0,,
1091,13.5627,0.0,,
1092,13.572,0.0,,
1093,13.5824,7.10451e-08,,
1094,13.5944,6.17936e-07,,
1095,13.6088,1.9508e-05,,
1096,13.6259,0.000140399,,
1097,13.6414,0.000333986,,
1098,13.6547,0.000499819,,
1099,13.6675,0.000613846,,
1100,13.6814,0.00067091,,
1101,13.6973,0.000366756,,
1102,13.7162,0.0,,
1103,13.7365,0.0,,
1104,13.7459,0.0,,
1105,13.7544,0.0,,
1106,13.7628,0.0,,
1107,13.772,0.0,,
1108,13.7823,6.67871e-08,,
1109,13.7944,6.17321e-07,,
1110,13.8091,1.87884e-05,,
1111,13.8265,0.000132304,,
1112,13.8422,0.000306265,,
1113,13.8554,0.000448836,,
1114,13.8685,0.000547708,,
1115,13.8831,0.000592996,,
1116,13.8998,0.000316803,,
1117,13.9199,0.0,,
1118,13.9359,0.0,,
1119,13.945,0.0,,
1120,13.9542,0.0,,
1121,13.9634,0.0,,
1122,13.9725,0.0,,
1123,13.9817,5.69111e-08,,
1124,13.9908,7.31268e-08,,
1125,14.0,1.41286e-06,,
1126,14.0111,1.43448e-05,,
1127,14.0243,7.69491e-05,,
1128,14.0392,0.000217116,,
1129,14.0527,0.000357871,,
1130,14.0655,0.000458679,,
1131,14.0791,0.000513826,,
1132,14.0941,0.00033189,,
1133,14.1118,4.42184e-06,,
1134,14.1322,0.0,,
1135,14.1424,0.0,,
1136,14.1511,0.0,,
1137,14.1595,0.0,,
1138,14.1682,0.0,,
1139,14.1779,0.0,,
1140,14.1891,5.15264e-08,,
1141,14.2026,4.31772e-06,,
1142,14.2182,4.8896e-05,,
1143,14.2358,0.00018385,,
1144,14.2497,0.000310296,,
1145,14.2629,0.000405677,,
1146,14.2761,0.000459795,,
1147,14.291,0.000295444,,
1148,14.3084,0.000165817,,
1149,14.3297,0.0,,
1150,14.3404,0.0,,
1151,14.3492,0.0,,
1152,14.3576,0.0,,
1153,14.366,0.0,,
1154,14.3755,0.0,,
1155,14.3869,3.47018e-08,,
1156,14.401,3.1106e-06,,
1157,14.4175,4.32043e-05,,
1158,14.434,0.00015134,,
1159,14.4472,0.00025984,,
1160,14.4604,0.000350958,,
1161,14.4736,0.000405935,,
1162,14.4868,0.00025955,,
1163,14.5,0.000217401,,
1164,14.5156,0.0,,
1165,14.5336,0.0,,
1166,14.5435,0.0,,
1167,14.5521,0.0,,
1168,14.5604,0.0,,
1169,14.5692,0.0,,
1170,14.579,0.0,,
1171,14.5901,4.18242e-08,,
1172,14.6033,3.69884e-06,,
1173,14.6192,4.31368e-05,,
1174,14.6365,0.000152119,,
1175,14.6504,0.000253834,,
1176,14.6634,0.000327339,,
1177,14.6769,0.000368593,,
1178,14.6922,0.00022964,,
1179,14.7103,8.29443e-05,,
1180,14.7326,0.0,,
1181,14.7429,0.0,,
1182,14.7515,0.0,,
1183,14.7598,0.0,,
1184,14.7687,0.0,,
1185,14.7787,0.0,,
1186,14.7904,6.04348e-08,,
1187,14.8043,4.9642e-06,,
1188,14.8206,4.70933e-05,,
1189,14.8386,0.000150667,,
1190,14.852,0.000234437,,
1191,14.8644,0.000293083,,
1192,14.8779,0.000326538,,
1193,14.8932,0.000199,,
1194,14.911,4.22456e-05,,
1195,14.9332,0.0,,
1196,14.9428,0.0,,
1197,14.951,0.0,,
1198,14.9591,0.0,,
1199,14.9673,0.0,,
1200,14.9755,0.0,,
1201,14.9837,3.0479e-08,,
1202,14.9918,4.59116e-08,,
1203,15.0,6.86544e-07,,
1204,15.0098,6.14077e-06,,
1205,15.0215,3.13665e-05,,
1206,15.0348,9.42917e-05,,
1207,15.0489,0.000177659,,
1208,15.0618,0.000240544,,
1209,15.075,0.000278313,,
1210,15.0897,0.000169508,,
1211,15.1068,0.000102608,,
1212,15.1275,0.0,,
1213,15.1391,0.0,,
1214,15.1481,0.0,,
1215,15.1565,0.0,,
1216,15.1651,0.0,,
1217,15.1747,0.0,,
1218,15.1855,2.55243e-08,,
1219,15.1981,8.57681e-07,,
1220,15.2132,1.54005e-05,,
1221,15.2301,7.44914e-05,,
1222,15.2451,0.000149964,,
1223,15.2578,0.000208185,,
1224,15.2706,0.000246592,,
1225,15.2849,0.000261659,,
1226,15.3014,0.000111889,,
1227,15.3213,0.0,,
1228,15.3362,0.0,,
1229,15.3458,0.0,,
1230,15.3544,0.0,,
1231,15.363,0.0,,
1232,15.3721,0.0,,
1233,15.3828,2.98964e-08,,
1234,15.3958,4.81136e-07,,
1235,15.4107,1.01885e-05,,
1236,15.4285,6.23944e-05,,
1237,15.4428,0.000125742,,
1238,15.4571,0.000184628,,
1239,15.4714,0.000221571,,
1240,15.4857,0.000140097,,
1241,15.5,0.000110959,,
1242,15.5172,0.0,,
1243,15.5366,0.0,,
1244,15.546,0.0,,
1245,15.5544,0.0,,
1246,15.5628,0.0,,
1247,15.5721,0.0,,
1248,15.5826,2.89079e-08,,
1249,15.5948,3.05076e-07,,
1250,15.6098,8.57077e-06,,
1251,15.6268,5.03514e-05,,
1252,15.6424,0.000111694,,
1253,15.6556,0.000161546,,
1254,15.6684,0.000194535,,
1255,15.6828,0.00020922,,
1256,15.6995,9.73197e-05,,
1257,15.7195,0.0,,
1258,15.736,0.0,,
1259,15.7454,0.0,,
1260,15.7539,0.0,,
1261,15.7624,0.0,,
1262,15.7715,0.0,,
1263,15.7819,2.51213e-08,,
1264,15.794,1.81995e-07,,
1265,15.8088,6.14998e-06,,
1266,15.8261,4.1982e-05,,
1267,15.8419,9.64193e-05,,
1268,15.8551,0.000140759,,
1269,15.8683,0.000171281,,
1270,15.8829,0.000184475,,
1271,15.8996,8.48316e-05,,
1272,15.9197,0.0,,
1273,15.9358,0.0,,
1274,15.945,0.0,,
1275,15.9528,0.0,,
1276,15.9607,0.0,,
1277,15.9705,0.0,,
1278,15.9803,0.0,,
1279,15.9902,2.46679e-08,,
1280,16.0,5.68234e-07,,
1281,16.0119,6.18074e-06,,
1282,16.0259,3.0578e-05,,
1283,16.0411,7.7773e-05,,
1284,16.0543,0.000119085,,
1285,16.067,0.000147904,,
1286,16.081,0.000162039,,
1287,16.0965,7.40006e-05,,
1288,16.1148,0.0,,
1289,16.1351,0.0,,
1290,16.1447,0.0,,
1291,16.1532,0.0,,
1292,16.1616,0.0,,
1293,16.1708,0.0,,
1294,16.181,0.0,,
1295,16.1929,8.88249e-08,,
1296,16.2068,3.58317e-06,,
1297,16.2231,2.61958e-05,,
1298,16.2394,6.92585e-05,,
1299,16.2531,0.000106986,,
1300,16.2661,0.00013289,,
1301,16.2799,0.000145754,,
1302,16.2956,6.54571e-05,,
1303,16.3142,0.0,,
1304,16.3348,0.0,,
1305,16.3445,0.0,,
1306,16.3532,0.0,,
1307,16.3618,0.0,,
1308,16.371,0.0,,
1309,16.3809,0.0,,
1310,16.3929,8.41459e-08,,
1311,16.4082,4.46254e-06,,
1312,16.4265,3.22505e-05,,
1313,16.4412,6.77592e-05,,
1314,16.4559,0.000101647,,
1315,16.4706,0.000123089,,
1316,16.4853,0.000129888,,
1317,16.5,5.75593e-05,,
1318,16.5179,0.0,,
1319,16.5364,0.0,,
1320,16.5459,0.0,,
1321,16.5543,0.0,,
1322,16.5627,0.0,,
1323,16.572,0.0,,
1324,16.5824,1.78123e-08,,
1325,16.5944,1.42096e-07,,
1326,16.6088,4.13083e-06,,
1327,16.6259,2.64648e-05,,
1328,16.6414,6.04177e-05,,
1329,16.6547,8.86532e-05,,
1330,16.6675,0.000107682,,
1331,16.6814,0.000116501,,
1332,16.6973,5.0958e-05,,
1333,16.7162,0.0,,
1334,16.7365,0.0,,
1335,16.7459,0.0,,
1336,16.7544,0.0,,
1337,16.7628,0.0,,
1338,16.772,0.0,,
1339,16.7823,1.60607e-08,,
1340,16.7944,1.39307e-07,,
1341,16.8091,3.92888e-06,,
1342,16.8265,2.48358e-05,,
1343,16.8422,5.54067e-05,,
1344,16.8554,7.97498e-05,,
1345,16.8685,9.63218e-05,,
1346,16.8831,0.000103202,,
1347,16.8998,4.45037e-05,,
1348,16.9199,0.0,,
1349,16.9359,0.0,,
1350,16.945,0.0,,
1351,16.9542,0.0,,
1352,16.9634,0.0,,
1353,16.9725,0.0,,
1354,16.9817,1.36164e-08,,
1355,16.9908,1.69711e-08,,
1356,17.0,3.1131e-07,,
1357,17.0111,3.02613e-06,,
1358,17.0243,1.49009e-05,,
1359,17.0392,3.98461e-05,,
1360,17.0527,6.41824e-05,,
1361,17.0655,8.12231e-05,,
1362,17.0791,9.00718e-05,,
1363,17.0941,4.8289e-05,,
1364,17.1118,6.38308e-07,,
1365,17.1322,0.0,,
1366,17.1424,0.0,,
1367,17.1511,0.0,,
1368,17.1595,0.0,,
1369,17.1682,0.0,,
1370,17.1779,0.0,,
1371,17.1891,1.16012e-08,,
1372,17.2026,9.30534e-07,,
1373,17.2182,9.50519e-06,,
1374,17.2358,3.36536e-05,,
1375,17.2497,5.56967e-05,,
1376,17.2629,7.20176e-05,,
1377,17.2761,8.09721e-05,,
1378,17.291,4.34461e-05,,
1379,17.3084,2.39872e-05,,
1380,17.3297,0.0,,
1381,17.3404,0.0,,
1382,17.3492,0.0,,
1383,17.3576,0.0,,
1384,17.366,0.0,,
1385,17.3755,0.0,,
1386,17.3869,7.71171e-09,,
1387,17.401,6.67441e-07,,
1388,17.4175,8.37362e-06,,
1389,17.434,2.7809e-05,,
1390,17.4472,4.68319e-05,,
1391,17.4604,6.25348e-05,,
1392,17.4736,7.1794e-05,,
1393,17.4868,3.85784e-05,,
1394,17.5,3.16146e-05,,
1395,17.5156,0.0,,
1396,17.5336,0.0,,
1397,17.5435,0.0,,
1398,17.5521,0.0,,
1399,17.5604,0.0,,
1400,17.5692,0.0,,
1401,17.579,0.0,,
1402,17.5901,9.48142e-09,,
1403,17.6033,7.81853e-07,,
1404,17.6192,8.29726e-06,,
1405,17.6365,2.78468e-05,,
1406,17.6504,4.56891e-05,,
1407,17.6634,5.83955e-05,,
1408,17.6769,6.5305e-05,,
1409,17.6922,3.45036e-05,,
1410,17.7103,1.24258e-05,,
1411,17.7326,0.0,,
1412,17.7429,0.0,,
1413,17.7515,0.0,,
1414,17.7598,0.0,,
1415,17.7687,0.0,,
1416,17.7787,0.0,,
1417,17.7904,1.29004e-08,,
1418,17.8043,1.033e-06,,
1419,17.8206,8.99684e-06,,
1420,17.8386,2.75785e-05,,
1421,17.852,4.23061e-05,,
1422,17.8644,5.2484e-05,,
1423,17.8779,5.80926e-05,,
1424,17.8932,3.02259e-05,,
1425,17.911,6.42948e-06,,
1426,17.9332,0.0,,
1427,17.9428,0.0,,
1428,17.951,0.0,,
1429,17.9591,0.0,,
1430,17.9673,0.0,,
1431,17.9755,0.0,,
1432,17.9837,6.55439e-09,,
1433,17.9918,9.61704e-09,,
1434,18.0,1.4373e-07,,
1435,18.0098,1.26271e-06,,
1436,18.0215,6.11329e-06,,
1437,18.0348,1.75811e-05,,
1438,18.0489,3.23817e-05,,
1439,18.0618,4.33604e-05,,
1440,18.075,4.97968e-05,,
1441,18.0897,2.60095e-05,,
1442,18.1068,1.55536e-05,,
1443,18.1275,0.0,,
1444,18.1391,0.0,,
1445,18.1481,0.0,,
1446,18.1565,0.0,,
1447,18.1651,0.0,,
1448,18.1747,0.0,,
1449,18.1855,5.47237e-09,,
1450,18.1981,1.7786e-07,,
1451,18.2132,3.0357e-06,,
1452,18.2301,1.38926e-05,,
1453,18.2451,2.73936e-05,,
1454,18.2578,3.76354e-05,,
1455,18.2706,4.43055e-05,,
1456,18.2849,4.66743e-05,,
1457,18.3014,1.70835e-05,,
1458,18.3213,0.0,,
1459,18.3362,0.0,,
1460,18.3458,0.0,,
1461,18.3544,0.0,,
1462,18.363,0.0,,
1463,18.3721,0.0,,
1464,18.3828,6.62246e-09,,
1465,18.3958,1.00093e-07,,
1466,18.4107,2.02886e-06,,
1467,18.4285,1.16692e-05,,
1468,18.4428,2.30599e-05,,
1469,18.4571,3.34751e-05,,
1470,18.4714,3.99252e-05,,
1471,18.4857,2.20489e-05,,
1472,18.5,1.71335e-05,,
1473,18.5172,0.0,,
1474,18.5366,0.0,,
1475,18.546,0.0,,
1476,18.5544,0.0,,
1477,18.5628,0.0,,
1478,18.5721,0.0,,
1479,18.5826,6.30078e-09,,
1480,18.5948,6.25496e-08,,
1481,18.6098,1.7002e-06,,
1482,18.6268,9.44812e-06,,
1483,18.6424,2.05242e-05,,
1484,18.6556,2.93889e-05,,
1485,18.6684,3.52082e-05,,
1486,18.6828,3.76482e-05,,
1487,18.6995,1.52096e-05,,
1488,18.7195,0.0,,
1489,18.736,0.0,,
1490,18.7454,0.0,,
1491,18.7539,0.0,,
1492,18.7624,0.0,,
1493,18.7715,0.0,,
1494,18.7819,5.49077e-09,,
1495,18.794,3.76048e-08,,
1496,18.8088,1.22301e-06,,
1497,18.8261,7.89618e-06,,
1498,18.8419,1.77637e-05,,
1499,18.8551,2.56775e-05,,
1500,18.8683,3.10856e-05,,
1501,18.8829,3.32923e-05,,
1502,18.8996,1.34109e-05,,
1503,18.9197,0.0,,
1504,18.9358,0.0,,
1505,18.945,0.0,,
1506,18.9528,0.0,,
1507,18.9607,0.0,,
1508,18.9705,0.0,,
1509,18.9803,0.0,,
1510,18.9902,5.22877e-09,,
1511,19.0,1.15456e-07,,
1512,19.0119,1.22444e-06,,
1513,19.0259,5.79889e-06,,
1514,19.0411,1.4392e-05,,
1515,19.0543,2.18072e-05,,
1516,19.067,2.69362e-05,,
1517,19.081,2.93562e-05,,
1518,19.0965,1.18216e-05,,
1519,19.1148,0.0,,
1520,19.1351,0.0,,
1521,19.1447,0.0,,
1522,19.1532,0.0,,
1523,19.1616,0.0,,
1524,19.1708,0.0,,
1525,19.181,0.0,,
1526,19.1929,1.80347e-08,,
1527,19.2068,7.11033e-07,,
1528,19.2231,4.95852e-06,,
1529,19.2394,1.28232e-05,,
1530,19.2531,1.96232e-05,,
1531,19.2661,2.42628e-05,,
1532,19.2799,2.64991e-05,,
1533,19.2956,1.0572e-05,,
1534,19.3142,0.0,,
1535,19.3348,0.0,,
1536,19.3445,0.0,,
1537,19.3532,0.0,,
1538,19.3618,0.0,,
1539,19.371,0.0,,
1540,19.3809,0.0,,
1541,19.3929,1.69622e-08,,
1542,19.4082,8.75697e-07,,
1543,19.4265,6.05005e-06,,
1544,19.4412,1.25358e-05,,
1545,19.4559,1.86518e-05,,
1546,19.4706,2.24953e-05,,
1547,19.4853,2.36257e-05,,
1548,19.5,9.39927e-06,,
1549,19.5179,0.0,,
1550,19.5364,0.0,,
1551,19.5459,0.0,,
1552,19.5543,0.0,,
1553,19.5627,0.0,,
1554,19.572,0.0,,
1555,19.5824,3.73062e-09,,
1556,19.5944,2.85617e-08,,
1557,19.6088,8.08543e-07,,
1558,19.6259,4.9793e-06,,
1559,19.6414,1.11956e-05,,
1560,19.6547,1.63072e-05,,
1561,19.6675,1.97374e-05,,
1562,19.6814,2.12753e-05,,
1563,19.6973,8.40636e-06,,
1564,19.7162,0.0,,
1565,19.7365,0.0,,
1566,19.7459,0.0,,
1567,19.7544,0.0,,
1568,19.7628,0.0,,
1569,19.772,0.0,,
1570,19.7823,3.29314e-09,,
1571,19.7944,2.77544e-08,,
1572,19.8091,7.64975e-07,,
1573,19.8265,4.66578e-06,,
1574,19.8422,1.02702e-05,,
1575,19.8554,1.46908e-05,,
1576,19.8685,1.76861e-05,,
1577,19.8831,1.88782e-05,,
1578,19.8998,7.41354e-06,,
1579,19.9199,0.0,,
1580,19.9359,0.0,,
1581,19.945,0.0,,
1582,19.9542,0.0,,
1583,19.9634,0.0,,
1584,19.9725,0.0,,
1585,19.9817,2.83063e-09,,
1586,19.9908,3.45235e-09,,
1587,20.0,6.15851e-08,,
1588,20.0111,5.90202e-07,,
1589,20.0243,2.82579e-06,,
1590,20.0392,7.42172e-06,,
1591,20.0527,1.18628e-05,,
1592,20.0655,1.49546e-05,,
1593,20.0791,1.6528e-05,,
1594,20.0941,8.17035e-06,,
1595,20.1118,1.07719e-07,,
1596,20.1322,0.0,,
1597,20.1424,0.0,,
1598,20.1511,0.0,,
1599,20.1595,0.0,,
1600,20.1682,0.0,,
1601,20.1779,0.0,,
1602,20.1891,2.32091e-09,,
1603,20.2026,1.82389e-07,,
1604,20.2182,1.80406e-06,,
1605,20.2358,6.26641e-06,,
1606,20.2497,1.03026e-05,,
1607,20.2629,1.32772e-05,,
1608,20.2761,1.48913e-05,,
1609,20.291,7.41074e-06,,
1610,20.3084,4.07281e-06,,
1611,20.3297,0.0,,
1612,20.3404,0.0,,
1613,20.3492,0.0,,
1614,20.3576,0.0,,
1615,20.366,0.0,,
1616,20.3755,0.0,,
1617,20.3869,1.75496e-09,,
1618,20.401,1.30467e-07,,
1619,20.4175,1.58826e-06,,
1620,20.434,5.18386e-06,,
1621,20.4472,8.67669e-06,,
1622,20.4604,1.15465e-05,,
1623,20.4736,1.32269e-05,,
1624,20.4868,6.63e-06,,
1625,20.5,5.40617e-06,,
1626,20.5156,0.0,,
1627,20.5336,0.0,,
1628,20.5435,0.0,,
1629,20.5521,0.0,,
1630,20.5604,0.0,,
1631,20.5692,0.0,,
1632,20.579,0.0,,
1633,20.5901,1.89716e-09,,
1634,20.6033,1.51861e-07,,
1635,20.6192,1.56901e-06,,
1636,20.6365,5.18436e-06,,
1637,20.6504,8.46417e-06,,
1638,20.6634,1.07896e-05,,
1639,20.6769,1.20423e-05,,
1640,20.6922,5.97323e-06,,
1641,20.7103,2.15485e-06,,
1642,20.7326,0.0,,
1643,20.7429,0.0,,
1644,20.7515,0.0,,
1645,20.7598,0.0,,
1646,20.7687,0.0,,
1647,20.7787,0.0,,
1648,20.7904,2.52023e-09,,
1649,20.8043,1.9959e-07,,
1650,20.8206,1.6954e-06,,
1651,20.8386,5.13416e-06,,
1652,20.852,7.84521e-06,,
1653,20.8644,9.71033e-06,,
1654,20.8779,1.07275e-05,,
1655,20.8932,5.26707e-06,,
1656,20.911,1.12507e-06,,
1657,20.9332,0.0,,
1658,20.9428,0.0,,
1659,20.951,0.0,,
1660,20.9591,0.0,,
1661,20.9673,0.0,,
1662,20.9755,0.0,,
1663,20.9837,1.29269e-09,,
1664,20.9918,1.86752e-09,,
1665,21.0,2.78073e-08,,
1666,21.0098,2.42839e-07,,
1667,21.0215,1.15785e-06,,
1668,21.0348,3.28827e-06,,
1669,21.0489,6.01927e-06,,
1670,21.0618,8.03601e-06,,
1671,21.075,9.20947e-06,,
1672,21.0897,4.55749e-06,,
1673,21.1068,2.72344e-06,,
1674,21.1275,0.0,,
1675,21.1391,0.0,,
1676,21.1481,0.0,,
1677,21.1565,0.0,,
1678,21.1651,0.0,,
1679,21.1747,0.0,,
1680,21.1855,1.07966e-09,,
1681,21.1981,3.42646e-08,,
1682,21.2132,5.76304e-07,,
1683,21.2301,2.59857e-06,,
1684,21.2451,5.09427e-06,,
1685,21.2578,6.97965e-06,,
1686,21.2706,8.20334e-06,,
1687,21.2849,8.62375e-06,,
1688,21.3014,3.00504e-06,,
1689,21.3213,0.0,,
1690,21.3362,0.0,,
1691,21.3458,0.0,,
1692,21.3544,0.0,,
1693,21.363,0.0,,
1694,21.3721,0.0,,
1695,21.3828,1.3231e-09,,
1696,21.3958,1.93196e-08,,
1697,21.4107,3.85898e-07,,
1698,21.4285,2.18398e-06,,
1699,21.4428,4.29264e-06,,
1700,21.4571,6.21173e-06,,
1701,21.4714,7.3965e-06,,
1702,21.4857,3.88734e-06,,
1703,21.5,3.03061e-06,,
1704,21.5172,0.0,,
1705,21.5366,0.0,,
1706,21.546,0.0,,
1707,21.5544,0.0,,
1708,21.5628,0.0,,
1709,21.5721,0.0,,
1710,21.5826,1.24508e-09,,
1711,21.5948,1.20242e-08,,
1712,21.6098,3.22585e-07,,
1713,21.6268,1.76836e-06,,
1714,21.6424,3.82067e-06,,
1715,21.6556,5.45601e-06,,
1716,21.6684,6.52752e-06,,
1717,21.6828,6.96924e-06,,
1718,21.6995,2.70488e-06,,
1719,21.7195,0.0,,
1720,21.736,0.0,,
1721,21.7454,0.0,,
1722,21.7539,0.0,,
1723,21.7624,0.0,,
1724,21.7715,0.0,,
1725,21.7819,1.08222e-09,,
1726,21.794,7.2159e-09,,
1727,21.8088,2.3193e-07,,
1728,21.8261,1.47681e-06,,
1729,21.8419,3.30662e-06,,
1730,21.8551,4.7683e-06,,
1731,21.8683,5.76473e-06,,
1732,21.8829,6.16484e-06,,
1733,21.8996,2.39631e-06,,
1734,21.9197,0.0,,
1735,21.9358,0.0,,
1736,21.945,0.0,,
1737,21.9528,0.0,,
1738,21.9607,0.0,,
1739,21.9705,0.0,,
1740,21.9803,0.0,,
1741,21.9902,1.01836e-09,,
1742,22.0,2.20102e-08,,
1743,22.0119,2.3163e-07,,
1744,22.0259,1.08641e-06,,
1745,22.0411,2.68042e-06,,
1746,22.0543,4.05064e-06,,
1747,22.067,4.99612e-06,,
1748,22.081,5.43782e-06,,
1749,22.0965,2.12087e-06,,
1750,22.1148,0.0,,
1751,22.1351,0.0,,
1752,22.1447,0.0,,
1753,22.1532,0.0,,
1754,22.1616,0.0,,
1755,22.1708,0.0,,
1756,22.181,0.0,,
1757,22.1929,3.45833e-09,,
1758,22.2068,1.34379e-07,,
1759,22.2231,9.26986e-07,,
1760,22.2394,2.38644e-06,,
1761,22.2531,3.64418e-06,,
1762,22.2661,4.50031e-06,,
1763,22.2799,4.90991e-06,,
1764,22.2956,1.90428e-06,,
1765,22.3142,0.0,,
1766,22.3348,0.0,,
1767,22.3445,0.0,,
1768,22.3532,0.0,,
1769,22.3618,0.0,,
1770,22.371,0.0,,
1771,22.3809,0.0,,
1772,22.3929,3.24722e-09,,
1773,22.4082,1.64865e-07,,
1774,22.4265,1.12776e-06,,
1775,22.4412,2.33115e-06,,
1776,22.4559,3.46156e-06,,
1777,22.4706,4.17039e-06,,
1778,22.4853,4.37517e-06,,
1779,22.5,1.69935e-06,,
1780,22.5179,0.0,,
1781,22.5364,0.0,,
1782,22.5459,0.0,,
1783,22.5543,0.0,,
1784,22.5627,0.0,,
1785,22.572,0.0,,
1786,22.5824,7.2917e-10,,
1787,22.5944,5.42551e-09,,
1788,22.6088,1.51929e-07,,
1789,22.6259,9.27871e-07,,
1790,22.6414,2.08099e-06,,
1791,22.6547,3.02575e-06,,
1792,22.6675,3.65867e-06,,
1793,22.6814,3.94044e-06,,
1794,22.6973,1.52473e-06,,
1795,22.7162,0.0,,
1796,22.7365,0.0,,
1797,22.7459,0.0,,
1798,22.7544,0.0,,
1799,22.7628,0.0,,
1800,22.772,0.0,,
1801,22.7823,6.40048e-10,,
1802,22.7944,5.24969e-09,,
1803,22.8091,1.43392e-07,,
1804,22.8265,8.68391e-07,,
1805,22.8422,1.90752e-06,,
1806,22.8554,2.72446e-06,,
1807,22.8685,3.27719e-06,,
1808,22.8831,3.49529e-06,,
1809,22.8998,1.34844e-06,,
1810,22.9199,0.0,,
1811,22.9359,0.0,,
1812,22.945,0.0,,
1813,22.9542,0.0,,
1814,22.9634,0.0,,
1815,22.9725,0.0,,
1816,22.9817,5.47005e-10,,
1817,22.9908,6.5876e-10,,
1818,23.0,1.15714e-08,,
1819,23.0111,1.10504e-07,,
1820,23.0243,5.26443e-07,,
1821,23.0392,1.37815e-06,,
1822,23.0527,2.19962e-06,,
1823,23.0655,2.77032e-06,,
1824,23.0791,3.0597e-06,,
1825,23.0941,1.48752e-06,,
1826,23.1118,1.96711e-08,,
1827,23.1322,0.0,,
1828,23.1424,0.0,,
1829,23.1511,0.0,,
1830,23.1595,0.0,,
1831,23.1682,0.0,,
1832,23.1779,0.0,,
1833,23.1891,4.44638e-10,,
1834,23.2026,3.4161e-08,,
1835,23.2182,3.36091e-07,,
1836,23.2358,1.16261e-06,,
1837,23.2497,1.90942e-06,,
1838,23.2629,2.45898e-06,,
1839,23.2761,2.75668e-06,,
1840,23.291,1.35198e-06,,
1841,23.3084,7.44365e-07,,
1842,23.3297,0.0,,
1843,23.3404,0.0,,
1844,23.3492,0.0,,
1845,23.3576,0.0,,
1846,23.366,0.0,,
1847,23.3755,0.0,,
1848,23.3869,3.34674e-10,,
1849,23.401,2.43971e-08,,
1850,23.4175,2.95272e-07,,
1851,23.434,9.61359e-07,,
1852,23.4472,1.60729e-06,,
1853,23.4604,2.138e-06,,
1854,23.4736,2.44849e-06,,
1855,23.4868,1.21165e-06,,
1856,23.5,9.89825e-07,,
1857,23.5156,0.0,,
1858,23.5336,0.0,,
1859,23.5435,0.0,,
1860,23.5521,0.0,,
1861,23.5604,0.0,,
1862,23.5692,0.0,,
1863,23.579,0.0,,
1864,23.5901,3.61472e-10,,
1865,23.6033,2.83382e-08,,
1866,23.6192,2.91326e-07,,
1867,23.6365,9.6075e-07,,
1868,23.6504,1.56722e-06,,
1869,23.6634,1.99733e-06,,
1870,23.6769,2.22869e-06,,
1871,23.6922,1.09336e-06,,
1872,23.7103,3.95957e-07,,
1873,23.7326,0.0,,
1874,23.7429,0.0,,
1875,23.7515,0.0,,
1876,23.7598,0.0,,
1877,23.7687,0.0,,
1878,23.7787,0.0,,
1879,23.7904,4.73769e-10,,
1880,23.8043,3.71908e-08,,
1881,23.8206,3.14687e-07,,
1882,23.8386,9.50918e-07,,
1883,23.852,1.45211e-06,,
1884,23.8644,1.79745e-06,,
1885,23.8779,1.98538e-06,,
1886,23.8932,9.65266e-07,,
1887,23.911,2.07146e-07,,
1888,23.9332,0.0,,
1889,23.9428,0.0,,
1890,23.951,0.0,,
1891,23.9591,0.0,,
1892,23.9673,0.0,,
1893,23.9755,0.0,,
1894,23.9837,2.44679e-10,,
1895,23.9918,3.49491e-10,,
1896,24.0,5.17682e-09,,
1897,24.0098,4.52011e-08,,
1898,24.0215,2.14951e-07,,
1899,24.0348,6.08988e-07,,
1900,24.0489,1.11329e-06,,
1901,24.0618,1.4865e-06,,
1902,24.075,1.70357e-06,,
1903,24.0897,8.35958e-07,,
1904,24.1068,5.01014e-07,,
1905,24.1275,0.0,,
1906,24.1391,0.0,,
1907,24.1481,0.0,,
1908,24.1565,0.0,,
1909,24.1651,0.0,,
1910,24.1747,0.0,,
1911,24.1855,2.0497e-10,,
1912,24.1981,6.36866e-09,,
1913,24.2132,1.0693e-07,,
1914,24.2301,4.81095e-07,,
1915,24.2451,9.42343e-07,,
1916,24.2578,1.29112e-06,,
1917,24.2706,1.51782e-06,,
1918,24.2849,1.59508e-06,,
1919,24.3014,5.53075e-07,,
1920,24.3213,0.0,,
1921,24.3362,0.0,,
1922,24.3458,0.0,,
1923,24.3544,0.0,,
1924,24.363,0.0,,
1925,24.3721,0.0,,
1926,24.3828,2.50153e-10,,
1927,24.3958,3.58913e-09,,
1928,24.4107,7.16557e-08,,
1929,24.4285,4.04405e-07,,
1930,24.4428,7.94349e-07,,
1931,24.4571,1.14913e-06,,
1932,24.4714,1.36867e-06,,
1933,24.4857,7.10468e-07,,
1934,24.5,5.58109e-07,,
1935,24.5172,0.0,,
1936,24.5366,0.0,,
1937,24.546,0.0,,
1938,24.5544,0.0,,
1939,24.5628,0.0,,
1940,24.5721,0.0,,
1941,24.5826,2.37269e-10,,
1942,24.5948,2.23749e-09,,
1943,24.6098,5.98861e-08,,
1944,24.6268,3.27473e-07,,
1945,24.6424,7.0701e-07,,
1946,24.6556,1.00929e-06,,
1947,24.6684,1.20788e-06,,
1948,24.6828,1.28939e-06,,
1949,24.6995,4.9841e-07,,
1950,24.7195,0.0,,
1951,24.736,0.0,,
1952,24.7454,0.0,,
1953,24.7539,0.0,,
1954,24.7624,0.0,,
1955,24.7715,0.0,,
1956,24.7819,2.07041e-10,,
1957,24.794,1.34686e-09,,
1958,24.8088,4.30559e-08,,
1959,24.8261,2.73461e-07,,
1960,24.8419,6.11923e-07,,
1961,24.8551,8.82057e-07,,
1962,24.8683,1.06669e-06,,
1963,24.8829,1.14051e-06,,
1964,24.8996,4.417e-07,,
1965,24.9197,0.0,,
1966,24.9358,0.0,,
1967,24.945,0.0,,
1968,24.9528,0.0,,
1969,24.9607,0.0,,
1970,24.9705,0.0,,
1971,24.9803,0.0,,
1972,24.9902,1.91841e-10,,
1973,25.0,4.08602e-09,,
1974,25.0119,4.30057e-08,,
1975,25.0259,2.01183e-07,,
1976,25.0411,4.96018e-07,,
1977,25.0543,7.48956e-07,,
1978,25.067,9.2409e-07,,
1979,25.081,1.00573e-06,,
1980,25.0965,3.90986e-07,,
1981,25.1148,0.0,,
1982,25.1351,0.0,,
1983,25.1447,0.0,,
1984,25.1532,0.0,,
1985,25.1616,0.0,,
1986,25.1708,0.0,,
1987,25.181,0.0,,
1988,25.1929,6.40704e-10,,
1989,25.2068,2.49353e-08,,
1990,25.2231,1.71674e-07,,
1991,25.2394,4.41631e-07,,
1992,25.2531,6.74082e-07,,
1993,25.2661,8.328e-07,,
1994,25.2799,9.08594e-07,,
1995,25.2956,3.51098e-07,,
1996,25.3142,0.0,,
1997,25.3348,0.0,,
1998,25.3445,0.0,,
1999,25.3532,0.0,,
2000,25.3618,0.0,,
2001,25.371,0.0,,
2002,25.3809,0.0,,
2003,25.3929,6.01365e-10,,
2004,25.4082,3.06028e-08,,
2005,25.4265,2.08926e-07,,
2006,25.4412,4.31427e-07,,
2007,25.4559,6.40597e-07,,
2008,25.4706,7.72064e-07,,
2009,25.4853,8.09722e-07,,
2010,25.5,3.13306e-07,,
2011,25.5179,0.0,,
2012,25.5364,0.0,,
2013,25.5459,0.0,,
2014,25.5543,0.0,,
2015,25.5627,0.0,,
2016,25.572,0.0,,
2017,25.5824,1.38753e-10,,
2018,25.5944,1.01031e-09,,
2019,25.6088,2.82193e-08,,
2020,25.6259,1.71917e-07,,
2021,25.6414,3.85159e-07,,
2022,25.6547,5.59936e-07,,
2023,25.6675,6.7738e-07,,
2024,25.6814,7.29476e-07,,
2025,25.6973,2.81069e-07,,
2026,25.7162,0.0,,
2027,25.7365,0.0,,
2028,25.7459,0.0,,
2029,25.7544,0.0,,
2030,25.7628,0.0,,
2031,25.772,0.0,,
2032,25.7823,1.19419e-10,,
2033,25.7944,9.73258e-10,,
2034,25.8091,2.66308e-08,,
2035,25.8265,1.60927e-07,,
2036,25.8422,3.53115e-07,,
2037,25.8554,5.04315e-07,,
2038,25.8685,6.06885e-07,,
2039,25.8831,6.47127e-07,,
2040,25.8998,2.48518e-07,,
2041,25.9199,0.0,,
2042,25.9359,0.0,,
2043,25.945,0.0,,
2044,25.9542,0.0,,
2045,25.9634,0.0,,
2046,25.9725,0.0,,
2047,25.9817,1.04019e-10,,
2048,25.9908,1.23839e-10,,
2049,26.0,2.15052e-09,,
2050,26.0111,2.05384e-08,,
2051,26.0243,9.76226e-08,,
2052,26.0392,2.55189e-07,,
2053,26.0527,4.07044e-07,,
2054,26.0655,5.12874e-07,,
2055,26.0791,5.66433e-07,,
2056,26.0941,2.73562e-07,,
2057,26.1118,3.62371e-09,,
2058,26.1322,0.0,,
2059,26.1424,0.0,,
2060,26.1511,0.0,,
2061,26.1595,0.0,,
2062,26.1682,0.0,,
2063,26.1779,0.0,,
2064,26.1891,8.28679e-11,,
2065,26.2026,6.34901e-09,,
2066,26.2182,6.23258e-08,,
2067,26.2358,2.15469e-07,,
2068,26.2497,3.53513e-07,,
2069,26.2629,4.55364e-07,,
2070,26.2761,5.10538e-07,,
2071,26.291,2.48596e-07,,
2072,26.3084,1.3707e-07,,
2073,26.3297,0.0,,
2074,26.3404,0.0,,
2075,26.3492,0.0,,
2076,26.3576,0.0,,
2077,26.366,0.0,,
2078,26.3755,0.0,,
2079,26.3869,6.24211e-11,,
2080,26.401,4.53649e-09,,
2081,26.4175,5.47752e-08,,
2082,26.434,1.78154e-07,,
2083,26.4472,2.97661e-07,,
2084,26.4604,3.96025e-07,,
2085,26.4736,4.53578e-07,,
2086,26.4868,2.22766e-07,,
2087,26.5,1.82289e-07,,
2088,26.5156,0.0,,
2089,26.5336,0.0,,
2090,26.5435,0.0,,
2091,26.5521,0.0,,
2092,26.5604,0.0,,
2093,26.5692,0.0,,
2094,26.579,0.0,,
2095,26.5901,6.78708e-11,,
2096,26.6033,5.26845e-09,,
2097,26.6192,5.40559e-08,,
2098,26.6365,1.78076e-07,,
2099,26.6504,2.90333e-07,,
2100,26.6634,3.70057e-07,,
2101,26.6769,4.12879e-07,,
2102,26.6922,2.00972e-07,,
2103,26.7103,7.28884e-08,,
2104,26.7326,0.0,,
2105,26.7429,0.0,,
2106,26.7515,0.0,,
2107,26.7598,0.0,,
2108,26.7687,0.0,,
2109,26.7787,0.0,,
2110,26.7904,8.80229e-11,,
2111,26.8043,6.91666e-09,,
2112,26.8206,5.83953e-08,,
2113,26.8386,1.76292e-07,,
2114,26.852,2.69069e-07,,
2115,26.8644,3.33051e-07,,
2116,26.8779,3.6781e-07,,
2117,26.8932,1.77388e-07,,
2118,26.911,3.81237e-08,,
2119,26.9332,0.0,,
2120,26.9428,0.0,,
2121,26.951,0.0,,
2122,26.9591,0.0,,
2123,26.9673,0.0,,
2124,26.9755,0.0,,
2125,26.9837,4.55535e-11,,
2126,26.9918,6.487e-11,,
2127,27.0,9.6143e-10,,
2128,27.0098,8.40615e-09,,
2129,27.0215,3.99229e-08,,
2130,27.0348,1.12957e-07,,
2131,27.0489,2.06338e-07,,
2132,27.0618,2.75402e-07,,
2133,27.075,3.15548e-07,,
2134,27.0897,1.53594e-07,,
2135,27.1068,9.21772e-08,,
2136,27.1275,0.0,,
2137,27.1391,0.0,,
2138,27.1481,0.0,,
2139,27.1565,0.0,,
2140,27.1651,0.0,,
2141,27.1747,0.0,,
2142,27.1855,3.84773e-11,,
2143,27.1981,1.18394e-09,,
2144,27.2132,1.98646e-08,,
2145,27.2301,8.9232e-08,,
2146,27.2451,1.74675e-07,,
2147,27.2578,2.39238e-07,,
2148,27.2706,2.81186e-07,,
2149,27.2849,2.95386e-07,,
2150,27.3014,1.0174e-07,,
2151,27.3213,0.0,,
2152,27.3362,0.0,,
2153,27.3458,0.0,,
2154,27.3544,0.0,,
2155,27.363,0.0,,
2156,27.3721,0.0,,
2157,27.3828,4.72057e-11,,
2158,27.3958,6.68457e-10,,
2159,27.4107,1.33189e-08,,
2160,27.4285,7.5022e-08,,
2161,27.4428,1.47259e-07,,
2162,27.4571,2.12957e-07,,
2163,27.4714,2.5356e-07,,
2164,27.4857,1.30075e-07,,
2165,27.5,1.02657e-07,,
2166,27.5172,0.0,,
2167,27.5366,0.0,,
2168,27.546,0.0,,
2169,27.5544,0.0,,
2170,27.5628,0.0,,
2171,27.5721,0.0,,
2172,27.5826,4.42333e-11,,
2173,27.5948,4.1567e-10,,
2174,27.6098,1.11286e-08,,
2175,27.6268,6.0749e-08,,
2176,27.6424,1.31058e-07,,
2177,27.6556,1.87028e-07,,
2178,27.6684,2.23771e-07,,
2179,27.6828,2.3879e-07,,
2180,27.6995,9.16642e-08,,
2181,27.7195,0.0,,
2182,27.736,0.0,,
2183,27.7454,0.0,,
2184,27.7539,0.0,,
2185,27.7624,0.0,,
2186,27.7715,0.0,,
2187,27.7819,3.94622e-11,,
2188,27.794,2.51279e-10,,
2189,27.8088,8.00271e-09,,
2190,27.8261,5.07261e-08,,
2191,27.8419,1.13415e-07,,
2192,27.8551,1.63423e-07,,
2193,27.8683,1.97581e-07,,
2194,27.8829,2.11181e-07,,
2195,27.8996,8.12249e-08,,
2196,27.9197,0.0,,
2197,27.9358,0.0,,
2198,27.945,0.0,,
2199,27.9528,0.0,,
2200,27.9607,0.0,,
2201,27.9705,0.0,,
2202,27.9803,0.0,,
2203,27.9902,3.61908e-11,,
2204,28.0,7.59905e-10,,
2205,28.0119,7.98989e-09,,
2206,28.0259,3.73175e-08,,
2207,28.0411,9.19196e-08,,
2208,28.0543,1.3874e-07,,
2209,28.067,1.71138e-07,,
2210,28.081,1.86195e-07,,
2211,28.0965,7.18933e-08,,
2212,28.1148,0.0,,
2213,28.1351,0.0,,
2214,28.1447,0.0,,
2215,28.1532,0.0,,
2216,28.1616,0.0,,
2217,28.1708,0.0,,
2218,28.181,0.0,,
2219,28.1929,1.19122e-10,,
2220,28.2068,4.63152e-09,,
2221,28.2231,3.18334e-08,,
2222,28.2394,8.18158e-08,,
2223,28.2531,1.24848e-07,,
2224,28.2661,1.5421e-07,,
2225,28.2799,1.68197e-07,,
2226,28.2956,6.45612e-08,,
2227,28.3142,0.0,,
2228,28.3348,0.0,,
2229,28.3445,0.0,,
2230,28.3532,0.0,,
2231,28.3618,0.0,,
2232,28.371,0.0,,
2233,28.3809,0.0,,
2234,28.3929,1.11772e-10,,
2235,28.4082,5.68114e-09,,
2236,28.4265,3.87179e-08,,
2237,28.4412,7.99086e-08,,
2238,28.4559,1.1862e-07,,
2239,28.4706,1.42926e-07,,
2240,28.4853,1.49846e-07,,
2241,28.5,5.76154e-08,,
2242,28.5179,0.0,,
2243,28.5364,0.0,,
2244,28.5459,0.0,,
2245,28.5543,0.0,,
2246,28.5627,0.0,,
2247,28.572,0.0,,
2248,28.5824,2.57715e-11,,
2249,28.5944,1.8757e-10,,
2250,28.6088,5.23646e-09,,
2251,28.6259,3.18567e-08,,
2252,28.6414,7.13245e-08,,
2253,28.6547,1.03666e-07,,
2254,28.6675,1.25379e-07,,
2255,28.6814,1.34984e-07,,
2256,28.6973,5.16905e-08,,
2257,28.7162,0.0,,
2258,28.7365,0.0,,
2259,28.7459,0.0,,
2260,28.7544,0.0,,
2261,28.7628,0.0,,
2262,28.772,0.0,,
2263,28.7823,2.21726e-11,,
2264,28.7944,1.80571e-10,,
2265,28.8091,4.93954e-09,,
2266,28.8265,2.98085e-08,,
2267,28.8422,6.53705e-08,,
2268,28.8554,9.3345e-08,,
2269,28.8685,1.12302e-07,,
2270,28.8831,1.19715e-07,,
2271,28.8998,4.57076e-08,,
2272,28.9199,0.0,,
2273,28.9359,0.0,,
2274,28.945,0.0,,
2275,28.9542,0.0,,
2276,28.9634,0.0,,
2277,28.9725,0.0,,
2278,28.9817,1.97089e-11,,
2279,28.9908,2.3253e-11,,
2280,29.0,3.99301e-10,,
2281,29.0111,3.80911e-09,,
2282,29.0243,1.80841e-08,,
2283,29.0392,4.72401e-08,,
2284,29.0527,7.53263e-08,,
2285,29.0655,9.48844e-08,,
2286,29.0791,1.04765e-07,,
2287,29.0941,5.02814e-08,,
2288,29.1118,6.66075e-10,,
2289,29.1322,0.0,,
2290,29.1424,0.0,,
2291,29.1511,0.0,,
2292,29.1595,0.0,,
2293,29.1682,0.0,,
2294,29.1779,0.0,,
2295,29.1891,1.53518e-11,,
2296,29.2026,1.1772e-09,,
2297,29.2182,1.154e-08,,
2298,29.2358,3.98638e-08,,
2299,29.2497,6.53975e-08,,
2300,29.2629,8.42182e-08,,
2301,29.2761,9.44002e-08,,
2302,29.291,4.56995e-08,,
2303,29.3084,2.52105e-08,,
2304,29.3297,0.0,,
2305,29.3404,0.0,,
2306,29.3492,0.0,,
2307,29.3576,0.0,,
2308,29.366,0.0,,
2309,29.3755,0.0,,
2310,29.3869,1.15531e-11,,
2311,29.401,8.40527e-10,,
2312,29.4175,1.01361e-08,,
2313,29.434,3.29593e-08,,
2314,29.4472,5.50455e-08,,
2315,29.4604,7.32107e-08,,
2316,29.4736,8.38335e-08,,
2317,29.4868,4.09543e-08,,
2318,29.5,3.35367e-08,,
2319,29.5156,0.0,,
2320,29.5336,0.0,,
2321,29.5435,0.0,,
2322,29.5521,0.0,,
2323,29.5604,0.0,,
2324,29.5692,0.0,,
2325,29.579,0.0,,
2326,29.5901,1.25394e-11,,
2327,29.6033,9.7486e-10,,
2328,29.6192,9.99602e-09,,
2329,29.6365,3.29276e-08,,
2330,29.6504,5.3661e-08,,
2331,29.6634,6.83739e-08,,
2332,29.6769,7.6273e-08,,
2333,29.6922,3.69482e-08,,
2334,29.7103,1.34229e-08,,
2335,29.7326,0.0,,
2336,29.7429,0.0,,
2337,29.7515,0.0,,
2338,29.7598,0.0,,
2339,29.7687,0.0,,
2340,29.7787,0.0,,
2341,29.7904,1.62444e-11,,
2342,29.8043,1.27932e-09,,
2343,29.8206,1.07923e-08,,
2344,29.8386,3.25725e-08,,
2345,29.852,4.97069e-08,,
2346,29.8644,6.15143e-08,,
2347,29.8779,6.79199e-08,,
2348,29.8932,3.26105e-08,,
2349,29.911,7.02388e-09,,
2350,29.9332,0.0,,
2351,29.9428,0.0,,
2352,29.951,0.0,,
2353,29.9591,0.0,,
2354,29.9673,0.0,,
2355,29.9755,0.0,,
2356,29.9837,8.40422e-12,,
2357,29.9918,1.19581e-11,,
2358,30.0,1.77685e-10,,
2359,30.0098,1.5536e-09,,
2360,30.0215,7.37622e-09,,
2361,30.0348,2.08653e-08,,
2362,30.0489,3.81082e-08,,
2363,30.0618,5.08525e-08,,
2364,30.075,5.82514e-08,,
2365,30.0897,2.8231e-08,,
2366,30.1068,1.6966e-08,,
2367,30.1275,0.0,,
2368,30.1391,0.0,,
2369,30.1481,0.0,,
2370,30.1565,0.0,,
2371,30.1651,0.0,,
2372,30.1747,0.0,,
2373,30.1855,7.13272e-12,,
2374,30.1981,2.18805e-10,,
2375,30.2132,3.66931e-09,,
2376,30.2301,1.64719e-08,,
2377,30.2451,3.22485e-08,,
2378,30.2578,4.41588e-08,,
2379,30.2706,5.18881e-08,,
2380,30.2849,5.44987e-08,,
2381,30.3014,1.87153e-08,,
2382,30.3213,0.0,,
2383,30.3362,0.0,,
2384,30.3458,0.0,,
2385,30.3544,0.0,,
2386,30.363,0.0,,
2387,30.3721,0.0,,
2388,30.3828,8.84363e-12,,
2389,30.3958,1.23565e-10,,
2390,30.4107,2.45953e-09,,
2391,30.4285,1.38461e-08,,
2392,30.4428,2.71745e-08,,
2393,30.4571,3.92929e-08,,
2394,30.4714,4.6771e-08,,
2395,30.4857,2.38487e-08,,
2396,30.5,1.88786e-08,,
2397,30.5172,0.0,,
2398,30.5366,0.0,,
2399,30.546,0.0,,
2400,30.5544,0.0,,
2401,30.5628,0.0,,
2402,30.5721,0.0,,
2403,30.5826,8.14277e-12,,
2404,30.5948,7.68485e-11,,
2405,30.6098,2.05342e-09,,
2406,30.6268,1.12059e-08,,
2407,30.6424,2.41746e-08,,
2408,30.6556,3.44937e-08,,
2409,30.6684,4.12577e-08,,
2410,30.6828,4.40189e-08,,
2411,30.6995,1.6854e-08,,
2412,30.7195,0.0,,
2413,30.736,0.0,,
2414,30.7454,0.0,,
2415,30.7539,0.0,,
2416,30.7624,0.0,,
2417,30.7715,0.0,,
2418,30.7819,7.34295e-12,,
2419,30.794,4.6622e-11,,
2420,30.8088,1.47595e-09,,
2421,30.8261,9.35314e-09,,
2422,30.8419,2.09121e-08,,
2423,30.8551,3.01271e-08,,
2424,30.8683,3.64118e-08,,
2425,30.8829,3.89108e-08,,
2426,30.8996,1.49305e-08,,
2427,30.9197,0.0,,
2428,30.9358,0.0,,
2429,30.945,0.0,,
2430,30.9528,0.0,,
2431,30.9607,0.0,,
2432,30.9705,0.0,,
2433,30.9803,0.0,,
2434,30.9902,6.75376e-12,,
2435,31.0,1.40407e-10,,
2436,31.0119,1.47267e-09,,
2437,31.0259,6.87842e-09,,
2438,31.0411,1.6941e-08,,
2439,31.0543,2.55684e-08,,
2440,31.067,3.15272e-08,,
2441,31.081,3.42934e-08,,
2442,31.0965,1.32109e-08,,
2443,31.1148,0.0,,
2444,31.1351,0.0,,
2445,31.1447,0.0,,
2446,31.1532,0.0,,
2447,31.1616,0.0,,
2448,31.1708,0.0,,
2449,31.181,0.0,,
2450,31.1929,2.19334e-11,,
2451,31.2068,8.53045e-10,,
2452,31.2231,5.86366e-09,,
2453,31.2394,1.50724e-08,,
2454,31.2531,2.29949e-08,,
2455,31.2661,2.83918e-08,,
2456,31.2799,3.09604e-08,,
2457,31.2956,1.18604e-08,,
2458,31.3142,0.0,,
2459,31.3348,0.0,,
2460,31.3445,0.0,,
2461,31.3532,0.0,,
2462,31.3618,0.0,,
2463,31.371,0.0,,
2464,31.3809,0.0,,
2465,31.3929,2.05654e-11,,
2466,31.4082,1.04561e-09,,
2467,31.4265,7.12727e-09,,
2468,31.4412,1.47122e-08,,
2469,31.4559,2.18335e-08,,
2470,31.4706,2.62971e-08,,
2471,31.4853,2.75666e-08,,
2472,31.5,1.05811e-08,,
2473,31.5179,0.0,,
2474,31.5364,0.0,,
2475,31.5459,0.0,,
2476,31.5543,0.0,,
2477,31.5627,0.0,,
2478,31.572,0.0,,
2479,31.5824,4.74451e-12,,
2480,31.5944,3.45765e-11,,
2481,31.6088,9.63165e-10,,
2482,31.6259,5.861e-09,,
2483,31.6414,1.31239e-08,,
2484,31.6547,1.90727e-08,,
2485,31.6675,2.30587e-08,,
2486,31.6814,2.48207e-08,,
2487,31.6973,9.4895e-09,,
2488,31.7162,0.0,,
2489,31.7365,0.0,,
2490,31.7459,0.0,,
2491,31.7544,0.0,,
2492,31.7628,0.0,,
2493,31.772,0.0,,
2494,31.7823,4.08635e-12,,
2495,31.7944,3.32543e-11,,
2496,31.8091,9.08007e-10,,
2497,31.8265,5.4813e-09,,
2498,31.8422,1.20232e-08,,
2499,31.8554,1.71638e-08,,
2500,31.8685,2.06412e-08,,
2501,31.8831,2.20002e-08,,
2502,31.8998,8.38808e-09,,
2503,31.9199,0.0,,
2504,31.9359,0.0,,
2505,31.945,0.0,,
2506,31.9542,0.0,,
2507,31.9634,0.0,,
2508,31.9725,0.0,,
2509,31.9817,3.66685e-12,,
2510,31.9908,4.30866e-12,,
2511,32.0,7.35916e-11,,
2512,32.0111,6.99835e-10,,
2513,32.0243,3.32303e-09,,
2514,32.0392,8.68367e-09,,
2515,32.0527,1.3847e-08,,
2516,32.0655,1.74353e-08,,
2517,32.0791,1.92463e-08,,
2518,32.0941,9.21774e-09,,
2519,32.1118,1.22318e-10,,
2520,32.1322,0.0,,
2521,32.1424,0.0,,
2522,32.1511,0.0,,
2523,32.1595,0.0,,
2524,32.1682,0.0,,
2525,32.1779,0.0,,
2526,32.1891,2.81123e-12,,
2527,32.2026,2.16162e-10,,
2528,32.2182,2.11988e-09,,
2529,32.2358,7.32344e-09,,
2530,32.2497,1.20145e-08,,
2531,32.2629,1.54666e-08,,
2532,32.2761,1.73319e-08,,
2533,32.291,8.37519e-09,,
2534,32.3084,4.62547e-09,,
2535,32.3297,0.0,,
2536,32.3404,0.0,,
2537,32.3492,0.0,,
2538,32.3576,0.0,,
2539,32.366,0.0,,
2540,32.3755,0.0,,
2541,32.3869,2.10968e-12,,
2542,32.401,1.54167e-10,,
2543,32.4175,1.86048e-09,,
2544,32.434,6.05148e-09,,
2545,32.4472,1.01076e-08,,
2546,32.4604,1.34385e-08,,
2547,32.4736,1.53834e-08,,
2548,32.4868,7.50287e-09,,
2549,32.5,6.14776e-09,,
2550,32.5156,0.0,,
2551,32.5336,0.0,,
2552,32.5435,0.0,,
2553,32.5521,0.0,,
2554,32.5604,0.0,,
2555,32.5692,0.0,,
2556,32.579,0.0,,
2557,32.5901,2.29101e-12,,
2558,32.6033,1.78762e-10,,
2559,32.6192,1.83384e-09,,
2560,32.6365,6.04172e-09,,
2561,32.6504,9.84654e-09,,
2562,32.6634,1.25422e-08,,
2563,32.6769,1.39878e-08,,
2564,32.6922,6.76622e-09,,
2565,32.7103,2.46364e-09,,
2566,32.7326,0.0,,
2567,32.7429,0.0,,
2568,32.7515,0.0,,
2569,32.7598,0.0,,
2570,32.7687,0.0,,
2571,32.7787,0.0,,
2572,32.7904,2.97061e-12,,
2573,32.8043,2.34424e-10,,
2574,32.8206,1.97891e-09,,
2575,32.8386,5.97395e-09,,
2576,32.852,9.11518e-09,,
2577,32.8644,1.12769e-08,,
2578,32.8779,1.24485e-08,,
2579,32.8932,5.96935e-09,,
2580,32.911,1.2892e-09,,
2581,32.9332,0.0,,
2582,32.9428,0.0,,
2583,32.951,0.0,,
2584,32.9591,0.0,,
2585,32.9673,0.0,,
2586,32.9755,0.0,,
2587,32.9837,1.53512e-12,,
2588,32.9918,2.18444e-12,,
2589,33.0,3.25437e-11,,
2590,33.0098,2.84412e-10,,
2591,33.0215,1.35143e-09,,
2592,33.0348,3.82512e-09,,
2593,33.0489,6.98726e-09,,
2594,33.0618,9.32078e-09,,
2595,33.075,1.06735e-08,,
2596,33.0897,5.16532e-09,,
2597,33.1068,3.10869e-09,,
2598,33.1275,0.0,,
2599,33.1391,0.0,,
2600,33.1481,0.0,,
2601,33.1565,0.0,,
2602,33.1651,0.0,,
2603,33.1747,0.0,,
2604,33.1855,1.31048e-12,,
2605,33.1981,4.00862e-11,,
2606,33.2132,6.72009e-10,,
2607,33.2301,3.01748e-09,,
2608,33.2451,5.90899e-09,,
2609,33.2578,8.08894e-09,,
2610,33.2706,9.5017e-09,,
2611,33.2849,9.97893e-09,,
2612,33.3014,3.42595e-09,,
2613,33.3213,0.0,,
2614,33.3362,0.0,,
2615,33.3458,0.0,,
2616,33.3544,0.0,,
2617,33.363,0.0,,
2618,33.3721,0.0,,
2619,33.3828,1.63874e-12,,
2620,33.3958,2.2611e-11,,
2621,33.4107,4.50042e-10,,
2622,33.4285,2.53468e-09,,
2623,33.4428,4.97593e-09,,
2624,33.4571,7.1931e-09,,
2625,33.4714,8.55924e-09,,
2626,33.4857,4.35402e-09,,
2627,33.5,3.45369e-09,,
2628,33.5172,0.0,,
2629,33.5366,0.0,,
2630,33.546,0.0,,
2631,33.5544,0.0,,
2632,33.5628,0.0,,
2633,33.5721,0.0,,
2634,33.5826,1.47426e-12,,
2635,33.5948,1.40066e-11,,
2636,33.6093,3.35737e-10,,
2637,33.6256,1.84752e-09,,
2638,33.6412,4.21263e-09,,
2639,33.6545,6.15731e-09,,
2640,33.6673,7.46259e-09,,
2641,33.6811,8.04603e-09,,
2642,33.6971,3.08677e-09,,
2643,33.716,0.0,,
2644,33.7363,0.0,,
2645,33.7457,0.0,,
2646,33.7542,0.0,,
2647,33.7627,0.0,,
2648,33.7718,0.0,,
2649,33.7822,1.32589e-12,,
2650,33.7943,1.02006e-11,,
2651,33.809,2.88268e-10,,
2652,33.8263,1.76078e-09,,
2653,33.8421,3.87808e-09,,
2654,33.8553,5.54587e-09,,
2655,33.8684,6.67477e-09,,
2656,33.8831,7.11821e-09,,
2657,33.8998,2.71956e-09,,
2658,33.9198,0.0,,
2659,33.9358,0.0,,
2660,33.945,0.0,,
2661,33.9542,0.0,,
2662,33.9633,0.0,,
2663,33.9725,0.0,,
2664,33.9817,1.17379e-12,,
2665,33.9908,1.37805e-12,,
2666,34.0,2.36592e-11,,
2667,34.0111,2.25808e-10,,
2668,34.0243,1.07355e-09,,
2669,34.0392,2.80628e-09,,
2670,34.0527,4.47459e-09,,
2671,34.0655,5.63299e-09,,
2672,34.0791,6.21678e-09,,
2673,34.0941,2.97694e-09,,
2674,34.1118,3.91553e-11,,
2675,34.1322,0.0,,
2676,34.1424,0.0,,
2677,34.1511,0.0,,
2678,34.1595,0.0,,
2679,34.1682,0.0,,
2680,34.1779,0.0,,
2681,34.1891,9.04631e-13,,
2682,34.2026,6.97283e-11,,
2683,34.2182,6.83939e-10,,
2684,34.2358,2.36313e-09,,
2685,34.2497,3.87686e-09,,
2686,34.2629,4.98975e-09,,
2687,34.2761,5.5901e-09,,
2688,34.291,2.6985e-09,,
2689,34.3084,1.49059e-09,,
2690,34.3297,0.0,,
2691,34.3404,0.0,,
2692,34.3492,0.0,,
2693,34.3576,0.0,,
2694,34.366,0.0,,
2695,34.3755,0.0,,
2696,34.3869,6.78062e-13,,
2697,34.401,4.96876e-11,,
2698,34.4175,5.9956e-10,,
2699,34.434,1.95006e-09,,
2700,34.4472,3.25717e-09,,
2701,34.4604,4.33005e-09,,
2702,34.4736,4.95548e-09,,
2703,34.4868,2.41313e-09,,
2704,34.5,1.97734e-09,,
2705,34.5156,0.0,,
2706,34.5336,0.0,,
2707,34.5435,0.0,,
2708,34.5521,0.0,,
2709,34.5604,0.0,,
2710,34.5692,0.0,,
2711,34.579,0.0,,
2712,34.5901,7.36735e-13,,
2713,34.6033,5.75794e-11,,
2714,34.6192,5.90434e-10,,
2715,34.6365,1.94493e-09,,
2716,34.6504,3.16979e-09,,
2717,34.6634,4.03707e-09,,
2718,34.6769,4.50159e-09,,
2719,34.6922,2.17362e-09,,
2720,34.7103,7.89718e-10,,
2721,34.7326,0.0,,
2722,34.7429,0.0,,
2723,34.7515,0.0,,
2724,34.7598,0.0,,
2725,34.7687,0.0,,
2726,34.7787,0.0,,
2727,34.7904,9.54831e-13,,
2728,34.8043,7.54564e-11,,
2729,34.8206,6.36715e-10,,
2730,34.8386,1.92243e-09,,
2731,34.852,2.9325e-09,,
2732,34.8644,3.62703e-09,,
2733,34.8779,4.00349e-09,,
2734,34.8932,1.91657e-09,,
2735,34.911,4.13575e-10,,
2736,34.9332,0.0,,
2737,34.9428,0.0,,
2738,34.951,0.0,,
2739,34.9591,0.0,,
2740,34.9673,0.0,,
2741,34.9755,0.0,,
2742,34.9837,4.92925e-13,,
2743,34.9918,7.0172e-13,,
2744,35.0,1.04725e-11,,
2745,35.0098,9.14804e-11,,
2746,35.0215,4.34624e-10,,
2747,35.0348,1.23017e-09,,
2748,35.0489,2.24709e-09,,
2749,35.0618,2.99744e-09,,
2750,35.075,3.43205e-09,,
2751,35.0897,1.65816e-09,,
2752,35.1068,9.97666e-10,,
2753,35.1275,0.0,,
2754,35.1391,0.0,,
2755,35.1481,0.0,,
2756,35.1565,0.0,,
2757,35.1651,0.0,,
2758,35.1747,0.0,,
2759,35.1855,4.227e-13,,
2760,35.1981,1.29025e-11,,
2761,35.2132,2.16119e-10,,
2762,35.2301,9.70201e-10,,
2763,35.2451,1.89983e-09,,
2764,35.2578,2.6006e-09,,
2765,35.2706,3.0545e-09,,
2766,35.2849,3.20775e-09,,
2767,35.3014,1.09979e-09,,
2768,35.3213,0.0,,
2769,35.3362,0.0,,
2770,35.3458,0.0,,
2771,35.3544,0.0,,
2772,35.363,0.0,,
2773,35.3721,0.0,,
2774,35.3828,5.2936e-13,,
2775,35.3958,7.28346e-12,,
2776,35.4107,1.4469e-10,,
2777,35.4285,8.14737e-10,,
2778,35.4428,1.59947e-09,,
2779,35.4571,2.31211e-09,,
2780,35.4714,2.75098e-09,,
2781,35.4857,1.3971e-09,,
2782,35.5,1.10889e-09,,
2783,35.5172,0.0,,
2784,35.5366,0.0,,
2785,35.546,0.0,,
2786,35.5544,0.0,,
2787,35.5628,0.0,,
2788,35.5721,0.0,,
2789,35.5826,4.68008e-13,,
2790,35.5948,4.52115e-12,,
2791,35.6093,1.0785e-10,,
2792,35.6256,5.93759e-10,,
2793,35.6412,1.35389e-09,,
2794,35.6545,1.97884e-09,,
2795,35.6673,2.39813e-09,,
2796,35.6811,2.5855e-09,,
2797,35.6971,9.91273e-10,,
2798,35.716,0.0,,
2799,35.7363,0.0,,
2800,35.7457,0.0,,
2801,35.7542,0.0,,
2802,35.7627,0.0,,
2803,35.7718,0.0,,
2804,35.7822,4.07561e-13,,
2805,35.7943,3.22178e-12,,
2806,35.809,9.25796e-11,,
2807,35.8263,5.65808e-10,,
2808,35.8421,1.24603e-09,,
2809,35.8553,1.78194e-09,,
2810,35.8684,2.14448e-09,,
2811,35.8831,2.28685e-09,,
2812,35.8998,8.7337e-10,,
2813,35.9198,0.0,,
2814,35.9358,0.0,,
2815,35.945,0.0,,
2816,35.9542,0.0,,
2817,35.9633,0.0,,
2818,35.9725,0.0,,
2819,35.9817,3.76653e-13,,
2820,35.9908,4.42221e-13,,
2821,36.0,7.60263e-12,,
2822,36.0111,7.25141e-11,,
2823,36.0243,3.44801e-10,,
2824,36.0392,9.01486e-10,,
2825,36.0527,1.4375e-09,,
2826,36.0655,1.80958e-09,,
2827,36.0791,1.997e-09,,
2828,36.0941,9.55737e-10,,
2829,36.1118,1.25793e-11,,
2830,36.1322,0.0,,
2831,36.1424,0.0,,
2832,36.1511,0.0,,
2833,36.1595,0.0,,
2834,36.1682,0.0,,
2835,36.1779,0.0,,
2836,36.1891,2.89897e-13,,
2837,36.2026,2.23882e-11,,
2838,36.2182,2.19624e-10,,
2839,36.2358,7.58901e-10,,
2840,36.2497,1.24514e-09,,
2841,36.2629,1.6025e-09,,
2842,36.2761,1.7952e-09,,
2843,36.291,8.66233e-10,,
2844,36.3084,4.78838e-10,,
2845,36.3297,0.0,,
2846,36.3404,0.0,,
2847,36.3492,0.0,,
2848,36.3576,0.0,,
2849,36.366,0.0,,
2850,36.3755,0.0,,
2851,36.3869,2.17164e-13,,
2852,36.401,1.59477e-11,,
2853,36.4175,1.92466e-10,,
2854,36.434,6.26077e-10,,
2855,36.4472,1.04584e-09,,
2856,36.4604,1.39027e-09,,
2857,36.4736,1.591e-09,,
2858,36.4868,7.74476e-10,,
2859,36.5,6.3478e-10,,
2860,36.5156,0.0,,
2861,36.5336,0.0,,
2862,36.5435,0.0,,
2863,36.5521,0.0,,
2864,36.5604,0.0,,
2865,36.5692,0.0,,
2866,36.579,0.0,,
2867,36.5901,2.36063e-13,,
2868,36.6033,1.84767e-11,,
2869,36.6192,1.89491e-10,,
2870,36.6365,6.24253e-10,,
2871,36.6504,1.01748e-09,,
2872,36.6634,1.29581e-09,,
2873,36.6769,1.44485e-09,,
2874,36.6922,6.97435e-10,,
2875,36.7103,2.53567e-10,,
2876,36.7326,0.0,,
2877,36.7429,0.0,,
2878,36.7515,0.0,,
2879,36.7598,0.0,,
2880,36.7687,0.0,,
2881,36.7787,0.0,,
2882,36.7904,3.05991e-13,,
2883,36.8043,2.42065e-11,,
2884,36.8206,2.0428e-10,,
2885,36.8386,6.16863e-10,,
2886,36.852,9.41019e-10,,
2887,36.8644,1.16384e-09,,
2888,36.8779,1.28458e-09,,
2889,36.8932,6.14802e-10,,
2890,36.911,1.32768e-10,,
2891,36.9332,0.0,,
2892,36.9428,0.0,,
2893,36.951,0.0,,
2894,36.9591,0.0,,
2895,36.9673,0.0,,
2896,36.9755,0.0,,
2897,36.9837,1.5789e-13,,
2898,36.9918,2.24849e-13,,
2899,37.0,3.35994e-12,,
2900,37.0098,2.93374e-11,,
2901,37.0215,1.39397e-10,,
2902,37.0348,3.94632e-10,,
2903,37.0489,7.20917e-10,,
2904,37.0618,9.61645e-10,,
2905,37.075,1.10104e-09,,
2906,37.0897,5.31785e-10,,
2907,37.1068,3.20081e-10,,
2908,37.1275,0.0,,
2909,37.1391,0.0,,
2910,37.1481,0.0,,
2911,37.1565,0.0,,
2912,37.1651,0.0,,
2913,37.1747,0.0,,
2914,37.1855,1.35824e-13,,
2915,37.1981,4.13948e-12,,
2916,37.2132,6.93056e-11,,
2917,37.2301,3.11152e-10,,
2918,37.2451,6.09341e-10,,
2919,37.2578,8.34108e-10,,
2920,37.2706,9.79653e-10,,
2921,37.2849,1.02879e-09,,
2922,37.3014,3.52717e-10,,
2923,37.3213,0.0,,
2924,37.3362,0.0,,
2925,37.3458,0.0,,
2926,37.3544,0.0,,
2927,37.363,0.0,,
2928,37.3721,0.0,,
2929,37.3828,1.69951e-13,,
2930,37.3958,2.3366e-12,,
2931,37.4107,4.63842e-11,,
2932,37.4285,2.61225e-10,,
2933,37.4428,5.12883e-10,,
2934,37.4571,7.41392e-10,,
2935,37.4714,8.8209e-10,,
2936,37.4857,4.47703e-10,,
2937,37.5,3.55547e-10,,
2938,37.5172,0.0,,
2939,37.5366,0.0,,
2940,37.546,0.0,,
2941,37.5544,0.0,,
2942,37.5628,0.0,,
2943,37.5721,0.0,,
2944,37.5826,1.5052e-13,,
2945,37.5948,1.45175e-12,,
2946,37.6093,3.45642e-11,,
2947,37.6256,1.90324e-10,,
2948,37.6412,4.34038e-10,,
2949,37.6545,6.34394e-10,,
2950,37.6673,7.68785e-10,,
2951,37.6811,8.28835e-10,,
2952,37.6971,3.17772e-10,,
2953,37.716,0.0,,
2954,37.7363,0.0,,
2955,37.7457,0.0,,
2956,37.7542,0.0,,
2957,37.7627,0.0,,
2958,37.7718,0.0,,
2959,37.7822,1.31204e-13,,
2960,37.7943,1.03453e-12,,
2961,37.809,2.96626e-11,,
2962,37.8263,1.81321e-10,,
2963,37.8421,3.9936e-10,,
2964,37.8553,5.71128e-10,,
2965,37.8684,6.87306e-10,,
2966,37.8831,7.32928e-10,,
2967,37.8998,2.79919e-10,,
2968,37.9198,0.0,,
2969,37.9358,0.0,,
2970,37.945,0.0,,
2971,37.9542,0.0,,
2972,37.9633,0.0,,
2973,37.9725,0.0,,
2974,37.9817,1.20568e-13,,
2975,37.9908,1.41562e-13,,
2976,38.0,2.43663e-12,,
2977,38.0111,2.32288e-11,,
2978,38.0243,1.10468e-10,,
2979,38.0392,2.88867e-10,,
2980,38.0527,4.60653e-10,,
2981,38.0655,5.7987e-10,,
2982,38.0791,6.39924e-10,,
2983,38.0941,3.06216e-10,,
2984,38.1118,4.03054e-12,,
2985,38.1322,0.0,,
2986,38.1424,0.0,,
2987,38.1511,0.0,,
2988,38.1595,0.0,,
2989,38.1682,0.0,,
2990,38.1779,0.0,,
2991,38.1891,9.27081e-14,,
2992,38.2026,7.17029e-12,,
2993,38.2182,7.03517e-11,,
2994,38.2358,2.43121e-10,,
2995,38.2497,3.98924e-10,,
2996,38.2629,5.13403e-10,,
2997,38.2761,5.75126e-10,,
2998,38.291,2.7749e-10,,
2999,38.3084,1.53429e-10,,
3000,38.3297,0.0,,
3001,38.3404,0.0,,
3002,38.3492,0.0,,
3003,38.3576,0.0,,
3004,38.366,0.0,,
3005,38.3755,0.0,,
3006,38.3869,6.94261e-14,,
3007,38.401,5.10652e-12,,
3008,38.4175,6.16374e-11,,
3009,38.434,2.00526e-10,,
3010,38.4472,3.34999e-10,,
3011,38.4604,4.45316e-10,,
3012,38.4736,5.09599e-10,,
3013,38.4868,2.48051e-10,,
3014,38.5,2.03329e-10,,
3015,38.5156,0.0,,
3016,38.5336,0.0,,
3017,38.5435,0.0,,
3018,38.5521,0.0,,
3019,38.5604,0.0,,
3020,38.5692,0.0,,
3021,38.579,0.0,,
3022,38.5901,7.54889e-14,,
3023,38.6033,5.91514e-12,,
3024,38.6192,6.0674e-11,,
3025,38.6365,1.99902e-10,,
3026,38.6504,3.25847e-10,,
3027,38.6634,4.14973e-10,,
3028,38.6769,4.62694e-10,,
3029,38.6922,2.23331e-10,,
3030,38.7103,8.12396e-11,,
3031,38.7326,0.0,,
3032,38.7429,0.0,,
3033,38.7515,0.0,,
3034,38.7598,0.0,,
3035,38.7687,0.0,,
3036,38.7787,0.0,,
3037,38.7904,9.78805e-14,,
3038,38.8043,7.74839e-12,,
3039,38.8206,6.53965e-11,,
3040,38.8386,1.97497e-10,,
3041,38.852,3.01289e-10,,
3042,38.8644,3.72621e-10,,
3043,38.8779,4.11275e-10,,
3044,38.8932,1.9683e-10,,
3045,38.911,4.25349e-11,,
3046,38.9332,0.0,,
3047,38.9428,0.0,,
3048,38.951,0.0,,
3049,38.9591,0.0,,
3050,38.9673,0.0,,
3051,38.9755,0.0,,
3052,38.9837,5.04785e-14,,
3053,38.9918,7.1903e-14,,
3054,39.0,1.07556e-12,,
3055,39.0098,9.38852e-12,,
3056,39.0215,4.46143e-11,,
3057,39.0348,1.26323e-10,,
3058,39.0489,2.30797e-10,,
3059,39.0618,3.07841e-10,,
3060,39.075,3.52455e-10,,
3061,39.0897,1.70215e-10,,
3062,39.1068,1.02491e-10,,
3063,39.1275,0.0,,
3064,39.1391,0.0,,
3065,39.1481,0.0,,
3066,39.1565,0.0,,
3067,39.1651,0.0,,
3068,39.1747,0.0,,
3069,39.1855,4.35267e-14,,
3070,39.1981,1.32512e-12,,
3071,39.2132,2.21785e-11,,
3072,39.2301,9.95806e-11,,
3073,39.2451,1.95025e-10,,
3074,39.2578,2.66962e-10,,
3075,39.2706,3.13538e-10,,
3076,39.2849,3.29262e-10,,
3077,39.3014,1.12901e-10,,
3078,39.3213,0.0,,
3079,39.3362,0.0,,
3080,39.3458,0.0,,
3081,39.3544,0.0,,
3082,39.363,0.0,,
3083,39.3721,0.0,,
3084,39.3828,5.43835e-14,,
3085,39.3958,7.4778e-13,,
3086,39.4107,1.48396e-11,,
3087,39.4285,8.35852e-11,,
3088,39.4428,1.64123e-10,,
3089,39.4571,2.37244e-10,,
3090,39.4714,2.82258e-10,,
3091,39.4857,1.43212e-10,,
3092,39.5,1.13777e-10,,
3093,39.5172,0.0,,
3094,39.5366,0.0,,
3095,39.546,0.0,,
3096,39.5544,0.0,,
3097,39.5628,0.0,,
3098,39.5721,0.0,,
3099,39.5826,4.8197e-14,,
3100,39.5948,4.64873e-13,,
3101,39.6093,1.10556e-11,,
3102,39.6256,6.08863e-11,,
3103,39.6412,1.38868e-10,,
3104,39.6545,2.02971e-10,,
3105,39.6673,2.45957e-10,,
3106,39.6811,2.65167e-10,,
3107,39.6971,1.01669e-10,,
3108,39.716,0.0,,
3109,39.7363,0.0,,
3110,39.7457,0.0,,
3111,39.7542,0.0,,
3112,39.7627,0.0,,
3113,39.7718,0.0,,
3114,39.7822,4.20905e-14,,
3115,39.7943,3.31346e-13,,
3116,39.809,9.48599e-12,,
3117,39.8263,5.79955e-11,,
3118,39.8421,1.27747e-10,,
3119,39.8553,1.82692e-10,,
3120,39.8684,2.19845e-10,,
3121,39.8831,2.34435e-10,,
3122,39.8998,8.95389e-11,,
3123,39.9198,0.0,,
3124,39.9358,0.0,,
3125,39.945,0.0,,
3126,39.9542,0.0,,
3127,39.9633,0.0,,
3128,39.9725,0.0,,
3129,39.9817,3.84505e-14,,
3130,39.9908,4.51355e-14,,
3131,40.0,7.78171e-13,,
3132,40.0111,7.4262e-12,,
3133,40.0243,3.53283e-11,,
3134,40.0392,9.23899e-11,,
3135,40.0527,1.47332e-10,,
3136,40.0655,1.85455e-10,,
3137,40.0791,2.04657e-10,,
3138,40.0941,9.79232e-11,,
3139,40.1118,1.28927e-12,,
3140,40.1322,0.0,,
3141,40.1424,0.0,,
3142,40.1511,0.0,,
3143,40.1595,0.0,,
3144,40.1682,0.0,,
3145,40.1779,0.0,,
3146,40.1891,2.96047e-14,,
3147,40.2026,2.29228e-12,,
3148,40.2182,2.24937e-11,,
3149,40.2358,7.77388e-11,,
3150,40.2497,1.27562e-10,,
3151,40.2629,1.64164e-10,,
3152,40.2761,1.83898e-10,,
3153,40.291,8.8719e-11,,
3154,40.3084,4.90657e-11,,
3155,40.3297,0.0,,
3156,40.3404,0.0,,
3157,40.3492,0.0,,
3158,40.3576,0.0,,
3159,40.366,0.0,,
3160,40.3755,0.0,,
3161,40.3869,2.2165e-14,,
3162,40.401,1.63221e-12,,
3163,40.4175,1.97037e-11,,
3164,40.434,6.41076e-11,,
3165,40.4472,1.07104e-10,,
3166,40.4604,1.42367e-10,,
3167,40.4736,1.62915e-10,,
3168,40.4868,7.92911e-11,,
3169,40.5,6.49977e-11,,
3170,40.5156,0.0,,
3171,40.5336,0.0,,
3172,40.5435,0.0,,
3173,40.5521,0.0,,
3174,40.5604,0.0,,
3175,40.5692,0.0,,
3176,40.579,0.0,,
3177,40.5901,2.41079e-14,,
3178,40.6033,1.89046e-12,,
3179,40.6192,1.93931e-11,,
3180,40.6365,6.38973e-11,,
3181,40.6504,1.04158e-10,,
3182,40.6634,1.32643e-10,,
3183,40.6769,1.47893e-10,,
3184,40.6922,7.13735e-11,,
3185,40.7103,2.59753e-11,,
3186,40.7326,0.0,,
3187,40.7429,0.0,,
3188,40.7515,0.0,,
3189,40.7598,0.0,,
3190,40.7687,0.0,,
3191,40.7787,0.0,,
3192,40.7904,3.12602e-14,,
3193,40.8043,2.47601e-12,,
3194,40.8206,2.0899e-11,,
3195,40.8386,6.31176e-11,,
3196,40.852,9.6289e-11,,
3197,40.8644,1.19083e-10,,
3198,40.8779,1.31433e-10,,
3199,40.8932,6.28907e-11,,
3200,40.911,1.35985e-11,,
3201,40.9332,0.0,,
3202,40.9428,0.0,,
3203,40.951,0.0,,
3204,40.9591,0.0,,
3205,40.9673,0.0,,
3206,40.9755,0.0,,
3207,40.9837,1.61155e-14,,
3208,40.9918,2.29588e-14,,
3209,41.0,3.43655e-13,,
3210,41.0098,2.99961e-12,,
3211,41.0215,1.4255e-11,,
3212,41.0348,4.03658e-11,,
3213,41.0489,7.3752e-11,,
3214,41.0618,9.83673e-11,,
3215,41.075,1.12619e-10,,
3216,41.0897,5.43757e-11,,
3217,41.1068,3.27496e-11,,
3218,41.1275,0.0,,
3219,41.1391,0.0,,
3220,41.1481,0.0,,
3221,41.1565,0.0,,
3222,41.1651,0.0,,
3223,41.1747,0.0,,
3224,41.1855,1.3917e-14,,
3225,41.1981,4.23407e-13,,
3226,41.2132,7.08563e-12,,
3227,41.2301,3.18146e-11,,
3228,41.2451,6.23092e-11,,
3229,41.2578,8.52903e-11,,
3230,41.2706,1.00166e-10,,
3231,41.2849,1.05188e-10,,
3232,41.3014,3.60625e-11,,
3233,41.3213,0.0,,
3234,41.3362,0.0,,
3235,41.3458,0.0,,
3236,41.3544,0.0,,
3237,41.363,0.0,,
3238,41.3721,0.0,,
3239,41.3828,1.73547e-14,,
3240,41.3958,2.38872e-13,,
3241,41.4107,4.74002e-12,,
3242,41.4285,2.66997e-11,,
3243,41.4428,5.24279e-11,,
3244,41.4571,7.57834e-11,,
3245,41.4714,9.01583e-11,,
3246,41.4857,4.57238e-11,,
3247,41.5,3.63328e-11,,
3248,41.5172,0.0,,
3249,41.5366,0.0,,
3250,41.546,0.0,,
3251,41.5544,0.0,,
3252,41.5628,0.0,,
3253,41.5721,0.0,,
3254,41.5826,1.53897e-14,,
3255,41.5948,1.48445e-13,,
3256,41.6093,3.53075e-12,,
3257,41.6256,1.94469e-11,,
3258,41.6412,4.43548e-11,,
3259,41.6545,6.48263e-11,,
3260,41.6673,7.85514e-11,,
3261,41.6811,8.46844e-11,,
3262,41.6971,3.24603e-11,,
3263,41.716,0.0,,
3264,41.7363,0.0,,
3265,41.7457,0.0,,
3266,41.7542,0.0,,
3267,41.7627,0.0,,
3268,41.7718,0.0,,
3269,41.7822,1.34739e-14,,
3270,41.7943,1.0593e-13,,
3271,41.809,3.02902e-12,,
3272,41.8263,1.85195e-11,,
3273,41.8421,4.07943e-11,,
3274,41.8553,5.83386e-11,,
3275,41.8684,7.01993e-11,,
3276,41.8831,7.48561e-11,,
3277,41.8998,2.85816e-11,,
3278,41.9198,0.0,,
3279,41.9358,0.0,,
3280,41.945,0.0,,
3281,41.9542,0.0,,
3282,41.9633,0.0,,
3283,41.9725,0.0,,
3284,41.9817,1.22761e-14,,
3285,41.9908,1.44142e-14,,
3286,42.0,2.48604e-13,,
3287,42.0111,2.37113e-12,,
3288,42.0243,1.12795e-11,,
3289,42.0392,2.94992e-11,,
3290,42.0527,4.70417e-11,,
3291,42.0655,5.92115e-11,,
3292,42.0791,6.53401e-11,,
3293,42.0941,3.12525e-11,,
3294,42.1118,4.11526e-13,,
3295,42.1322,0.0,,
3296,42.1424,0.0,,
3297,42.1511,0.0,,
3298,42.1595,0.0,,
3299,42.1682,0.0,,
3300,42.1779,0.0,,
3301,42.1891,9.44215e-15,,
3302,42.2026,7.31743e-13,,
3303,42.2182,7.18101e-12,,
3304,42.2358,2.48172e-11,,
3305,42.2497,4.07227e-11,,
3306,42.2629,5.24048e-11,,
3307,42.2761,5.87019e-11,,
3308,42.291,2.83103e-11,,
3309,42.3084,1.56586e-11,,
3310,42.3297,0.0,,
3311,42.3404,0.0,,
3312,42.3492,0.0,,
3313,42.3576,0.0,,
3314,42.366,0.0,,
3315,42.3755,0.0,,
3316,42.3869,7.06928e-15,,
3317,42.401,5.2094e-13,,
3318,42.4175,6.28926e-12,,
3319,42.434,2.04624e-11,,
3320,42.4472,3.41867e-11,,
3321,42.4604,4.544e-11,,
3322,42.4736,5.19963e-11,,
3323,42.4868,2.52976e-11,,
3324,42.5,2.07363e-11,,
3325,42.5156,0.0,,
3326,42.5336,0.0,,
3327,42.5435,0.0,,
3328,42.5521,0.0,,
3329,42.5604,0.0,,
3330,42.5692,0.0,,
3331,42.579,0.0,,
3332,42.5901,7.692e-15,,
3333,42.6033,6.03311e-13,,
3334,42.6192,6.18938e-12,,
3335,42.6365,2.03924e-11,,
3336,42.6504,3.32411e-11,,
3337,42.6634,4.23299e-11,,
3338,42.6769,4.71946e-11,,
3339,42.6922,2.27673e-11,,
3340,42.7103,8.28855e-12,,
3341,42.7326,0.0,,
3342,42.7429,0.0,,
3343,42.7515,0.0,,
3344,42.7598,0.0,,
3345,42.7687,0.0,,
3346,42.7787,0.0,,
3347,42.7904,9.97236e-15,,
3348,42.8043,7.90104e-13,,
3349,42.8206,6.66902e-12,,
3350,42.8386,2.01407e-11,,
3351,42.852,3.07249e-11,,
3352,42.8644,3.79966e-11,,
3353,42.8779,4.19358e-11,,
3354,42.8932,2.00579e-11,,
3355,42.911,4.3389e-12,,
3356,42.9332,0.0,,
3357,42.9428,0.0,,
3358,42.951,0.0,,
3359,42.9591,0.0,,
3360,42.9673,0.0,,
3361,42.9755,0.0,,
3362,42.9837,5.13856e-15,,
3363,42.9918,7.32077e-15,,
3364,43.0,1.09581e-13,,
3365,43.0098,9.57056e-13,,
3366,43.0215,4.54831e-12,,
3367,43.0348,1.28795e-11,,
3368,43.0489,2.35316e-11,,
3369,43.0618,3.13837e-11,,
3370,43.075,3.59291e-11,,
3371,43.0897,1.73394e-11,,
3372,43.1068,1.04448e-11,,
3373,43.1275,0.0,,
3374,43.1391,0.0,,
3375,43.1481,0.0,,
3376,43.1565,0.0,,
3377,43.1651,0.0,,
3378,43.1747,0.0,,
3379,43.1855,4.44275e-15,,
3380,43.1981,1.35045e-13,,
3381,43.2132,2.26065e-12,,
3382,43.2301,1.01496e-11,,
3383,43.2451,1.98778e-11,,
3384,43.2578,2.72078e-11,,
3385,43.2706,3.19519e-11,,
3386,43.2849,3.35527e-11,,
3387,43.3014,1.14978e-11,,
3388,43.3213,0.0,,
3389,43.3362,0.0,,
3390,43.3458,0.0,,
3391,43.3544,0.0,,
3392,43.363,0.0,,
3393,43.3721,0.0,,
3394,43.3828,5.53032e-15,,
3395,43.3958,7.60998e-14,,
3396,43.4107,1.51201e-12,,
3397,43.4285,8.51698e-12,,
3398,43.4428,1.67235e-11,,
3399,43.4571,2.41718e-11,,
3400,43.4714,2.87553e-11,,
3401,43.4857,1.45743e-11,,
3402,43.5,1.15818e-11,,
3403,43.5172,0.0,,
3404,43.5366,0.0,,
3405,43.546,0.0,,
3406,43.5544,0.0,,
3407,43.5628,0.0,,
3408,43.5721,0.0,,
3409,43.5826,4.91012e-15,,
3410,43.5948,4.72753e-14,,
3411,43.6093,1.12617e-12,,
3412,43.6256,6.20284e-12,,
3413,43.6412,1.41469e-11,,
3414,43.6545,2.06749e-11,,
3415,43.6673,2.50509e-11,,
3416,43.6811,2.70057e-11,,
3417,43.6971,1.03453e-11,,
3418,43.716,0.0,,
3419,43.7363,0.0,,
3420,43.7457,0.0,,
3421,43.7542,0.0,,
3422,43.7627,0.0,,
3423,43.7718,0.0,,
3424,43.7822,4.30596e-15,,
3425,43.7943,3.38173e-14,,
3426,43.809,9.66023e-13,,
3427,43.8263,5.90583e-12,,
3428,43.8421,1.30089e-11,,
3429,43.8553,1.86027e-11,,
3430,43.8684,2.23837e-11,,
3431,43.8831,2.38677e-11,,
3432,43.8998,9.10772e-12,,
3433,43.9198,0.0,,
3434,43.9358,0.0,,
3435,43.945,0.0,,
3436,43.9542,0.0,,
3437,43.9633,0.0,,
3438,43.9725,0.0,,
3439,43.9817,3.91474e-15,,
3440,43.9908,4.5966e-15,,
3441,44.0,7.92419e-14,,
3442,44.0111,7.56143e-13,,
3443,44.0243,3.59669e-12,,
3444,44.0392,9.40604e-12,,
3445,44.0527,1.4999e-11,,
3446,44.0655,1.88782e-11,,
3447,44.0791,2.08313e-11,,
3448,44.0941,9.95805e-12,,
3449,44.1118,1.31137e-13,,
3450,44.1322,0.0,,
3451,44.1424,0.0,,
3452,44.1511,0.0,,
3453,44.1595,0.0,,
3454,44.1682,0.0,,
3455,44.1779,0.0,,
3456,44.1891,3.0088e-15,,
3457,44.2026,2.33246e-13,,
3458,44.2182,2.2896e-12,,
3459,44.2358,7.91202e-12,,
3460,44.2497,1.29825e-11,,
3461,44.2629,1.67058e-11,,
3462,44.2761,1.87124e-11,,
3463,44.291,9.01928e-12,,
3464,44.3084,4.98887e-12,,
3465,44.3297,0.0,,
3466,44.3404,0.0,,
3467,44.3492,0.0,,
3468,44.3576,0.0,,
3469,44.366,0.0,,
3470,44.3755,0.0,,
3471,44.3869,2.25272e-15,,
3472,44.401,1.65993e-13,,
3473,44.4175,2.005e-12,,
3474,44.434,6.52284e-12,,
3475,44.4472,1.08975e-11,,
3476,44.4604,1.44838e-11,,
3477,44.4736,1.65729e-11,,
3478,44.4868,8.05834e-12,,
3479,44.5,6.60467e-12,,
3480,44.5156,0.0,,
3481,44.5336,0.0,,
3482,44.5435,0.0,,
3483,44.5521,0.0,,
3484,44.5604,0.0,,
3485,44.5692,0.0,,
3486,44.579,0.0,,
3487,44.5901,2.45032e-15,,
3488,44.6033,1.92279e-13,,
3489,44.6192,1.97293e-12,,
3490,44.6365,6.49968e-12,,
3491,44.6504,1.05946e-11,,
3492,44.6634,1.34906e-11,,
3493,44.6769,1.50404e-11,,
3494,44.6922,7.25119e-12,,
3495,44.7103,2.64054e-12,,
3496,44.7326,0.0,,
3497,44.7429,0.0,,
3498,44.7515,0.0,,
3499,44.7598,0.0,,
3500,44.7687,0.0,,
3501,44.7787,0.0,,
3502,44.7904,3.17681e-15,,
3503,44.8043,2.51805e-13,,
3504,44.8206,2.12555e-12,,
3505,44.8386,6.41866e-12,,
3506,44.852,9.79129e-12,,
3507,44.8644,1.21079e-11,,
3508,44.8779,1.33626e-11,,
3509,44.8932,6.38729e-12,,
3510,44.911,1.3822e-12,,
3511,44.9332,0.0,,
3512,44.9428,0.0,,
3513,44.951,0.0,,
3514,44.9591,0.0,,
3515,44.9673,0.0,,
3516,44.9755,0.0,,
3517,44.9837,1.63723e-15,,
3518,44.9918,2.33058e-15,,
3519,45.0,3.48435e-14,,
